ReefID,LABEL_ID,GBRMPAFeatureName,LAT,LON,GBRMP,Within250kmOfPort,Shallow,ShallowestDepth
1,10-330,U/N Reef,-10.7795,142.5916,1,1,1,0.980000019
2,10-331,Harrington Shoal,-10.7966,142.7106,1,1,1,-8
3,10-332,U/N Reef,-10.8243,142.5736,1,1,1,-0.674000025
4,10-333,U/N Reef,-10.8354,142.5766,1,1,1,-0.721000016
5,10-334,Four Fathom Patches,-10.8199,142.6871,1,1,0,-10.89799976
6,10-335,Harrington Reef,-10.8213,142.7231,1,1,1,-0.360000014
7,10-336,Wyborn Reef,-10.821,142.7622,1,1,1,0.316000015
8,10-337,U/N Reef,-10.8079,142.9288,1,1,1,-0.414000005
9,10-338,Womer Reef,-10.7999,142.9836,1,1,1,0.321999997
10,10-339,Brewis Reef,-10.887,142.6933,1,1,1,0.940999985
11,10-340,Turtle Island Reef,-10.8899,142.6963,1,1,1,1.024999976
12,10-341,Shortland Reef,-10.9013,142.7727,1,1,1,0.030999999
13,10-342,Trochus Reef,-10.9214,142.6311,1,1,1,0.131999999
14,10-299,U/N Reef,-10.7754,143.0896,1,1,1,-0.588
15,10-316,Tree Reef,-10.7043,142.597,1,1,1,0.476999998
16,10-317,Brush Islet Reef,-10.709,142.5979,1,1,1,-0.136999995
17,10-318a,Albany Island Reef (No 1),-10.7153,142.593,1,1,1,-0.001
18,10-318b,Albany Island Reef (No 2),-10.7283,142.6178,1,1,1,0.59799999
19,10-318c,Albany Island Reef (No 3),-10.7466,142.6233,1,1,1,-0.007
20,10-318d,Albany Island Reef (No 4),-10.7389,142.6049,1,1,1,0.144999996
21,10-320,Mai Reef,-10.7245,142.6248,1,1,1,0.400000006
22,10-321,Albany Rock Reef,-10.7189,142.6299,1,1,1,0.476000011
23,10-322,North Brother Reef,-10.7008,142.6732,1,1,NA,NA
24,10-323,Middle Brother Reef,-10.7119,142.6854,1,1,1,-0.214000002
25,10-324,South Brother Reef,-10.7167,142.6918,1,1,1,-1.143000007
26,10-325,North Ledge,-10.6803,142.7383,1,1,1,-0.01
27,10-326,Meggi-Damun Reef,-10.6825,142.7861,1,1,1,-0.068999998
28,10-327,South Ledge,-10.7053,142.7323,1,1,1,0.381000012
29,10-328,Ulfa Reef,-10.7578,142.6143,1,1,1,-0.041000001
30,10-329,Ariel Bank,-10.7708,142.6252,1,1,1,0.764999986
31,10-401,U/N Reef,-10.8032,143.8008,1,1,1,-1.149999976
32,10-402,U/N Reef,-10.8055,144.0066,1,1,1,-0.226999998
33,10-403,U/N Reef,-10.8237,143.9961,1,1,1,-1.090999961
34,10-404,U/N Reef,-10.8251,143.8238,1,1,1,-0.289999992
35,10-405,U/N Reef,-10.8462,143.7581,1,1,0,-11.95400047
36,10-406,U/N Reef,-10.8449,144.0145,1,1,1,-0.059
37,10-407a,U/N Reef,-10.8661,143.9845,1,1,1,-1.325000048
38,10-343a,Turtle Head Island Reef (No 1),-10.9369,142.7059,1,1,1,0.138999999
39,10-343b,Turtle Head Island Reef (No 2),-10.9475,142.7062,1,1,1,0.648999989
40,10-344,Tern Reef,-10.99,142.7664,1,1,1,-4.059999943
41,10-348,U/N Reef,-10.6836,143.2521,1,1,1,-6.668000221
42,10-349,U/N Reef,-10.6971,143.4338,1,1,1,-0.742999971
43,10-350,U/N Reef,-10.6966,143.4663,1,1,1,-0.944000006
44,10-351,U/N Reef,-10.7318,143.1903,1,1,1,0.064999998
45,10-352,U/N Reef,-10.7347,143.3368,1,1,1,-0.630999982
46,10-353,U/N Reef,-10.7519,143.0937,1,1,1,-0.407999992
47,10-354,U/N Reef,-10.7523,143.3718,1,1,1,-9.347000122
48,10-355,U/N Reef,-10.7568,143.3243,1,1,1,-0.924000025
49,10-356,U/N Reef,-10.7762,143.412,1,1,1,-0.605000019
50,10-357,U/N Reef,-10.8058,143.3534,1,1,1,-1.146999955
51,10-358,U/N Reef,-10.8378,143.3357,1,1,1,-0.61500001
52,10-359,U/N Reef,-10.9405,143.4596,1,1,1,-6.512000084
53,10-360,U/N Reef,-10.8391,143.2982,1,1,1,-1.692999959
54,10-361,U/N Reef,-10.849,143.4038,1,1,1,-1.394999981
55,10-362,U/N Reef,-10.853,143.239,1,1,1,-1.194000006
56,10-363,U/N Reef,-10.895,143.2402,1,1,1,-5.551000118
57,10-364,U/N Reef,-10.8976,143.21,1,1,1,-1.075999975
58,10-365,Linda Reef,-10.9066,143.1778,1,1,1,-0.028999999
59,10-366,U/N Reef,-10.9039,143.2898,1,1,1,-7.066999912
60,10-367,U/N Reef,-10.9055,143.3829,1,1,1,-1.026000023
61,10-368,U/N Reef,-10.9151,143.3141,1,1,1,-0.884000003
62,10-369,U/N Reef,-10.9318,143.2959,1,1,1,-5.229000092
63,10-370,U/N Reef,-10.9325,143.2183,1,1,1,-6.184999943
64,10-371,U/N Reef,-10.9469,143.2423,1,1,1,0.079999998
65,10-372,U/N Reef,-10.9503,143.1571,1,1,1,-1.503000021
66,10-373,U/N Reef,-10.952,143.1301,1,1,1,-0.84799999
67,10-374,U/N Reef,-10.9392,143.3598,1,1,1,-5.696000099
68,10-375a,U/N Reef,-10.9637,143.3997,1,1,1,-5.137000084
69,10-375b,U/N Reef,-10.9676,143.4256,1,1,1,-6.683000088
70,10-376,U/N Reef,-10.9866,143.1255,1,1,1,-0.716000021
71,10-378,U/N Reef,-10.9059,143.5107,1,1,0,-11.47799969
72,10-381,U/N Reef,-10.6879,143.9645,1,1,1,-0.564999998
73,10-382,U/N Reef,-10.7029,143.7871,1,1,1,-0.852999985
74,10-384,U/N Reef,-10.7097,143.9638,1,1,1,0.140000001
75,10-385,U/N Reef,-10.725,143.9587,1,1,1,-1.180999994
76,10-386,U/N Reef,-10.7232,143.9796,1,1,1,-0.474999994
77,10-387,U/N Reef,-10.6933,143.521,1,1,1,-0.67900002
78,10-389,U/N Reef,-10.7344,143.9648,1,1,1,-1.256999969
79,10-390,U/N Reef,-10.7404,143.9733,1,1,1,-0.921999991
80,10-391,Triangle Reef,-10.7554,143.9823,1,1,1,0.296000004
81,10-392,U/N Reef,-10.742,143.6065,1,1,1,-0.49000001
82,10-393,U/N Reef,-10.7423,143.7443,1,1,1,-9.81000042
83,10-394,U/N Reef,-10.7697,143.5057,1,1,1,-0.293000013
84,10-395,U/N Reef,-10.7893,143.6909,1,1,1,-8.494999886
85,10-396,U/N Reef,-10.7703,143.7166,1,1,NA,NA
86,10-397,U/N Reef,-10.7667,143.8438,1,1,NA,NA
87,10-398,U/N Reef,-10.7782,143.9755,1,1,1,-1.085000038
88,10-399,U/N Reef,-10.7857,143.9853,1,1,1,-0.75
89,10-400,U/N Reef,-10.7943,143.9898,1,1,1,-0.653999984
90,10-426,U/N Reef,-10.9508,144.0145,1,1,1,-1.088999987
91,10-427,U/N Reef,-10.9445,143.5114,1,1,1,-7.138999939
92,10-428a,U/N Reef,-10.8356,143.9988,1,1,1,-1.55400002
93,10-428b,U/N Reef,-10.8301,144.0089,1,1,1,-2.22300005
94,10-430,U/N Reef,-10.7299,142.5771,1,1,1,0.902999997
95,10-431,U/N Reef,-10.7988,142.5796,1,1,1,0.066
96,10-432,U/N Reef,-10.832,142.5527,1,1,1,0.842000008
97,10-434,U/N Reef,-10.7572,142.6044,1,1,1,0.293000013
98,10-436,U/N Reef,-10.8402,143.3795,1,1,1,-7.828999996
99,10-437,U/N Reef,-10.8976,143.4462,1,1,1,-7.201000214
100,10-438,U/N Reef,-10.9306,143.5538,1,1,0,-14.12300014
101,10-439,U/N Reef,-10.9761,143.6294,1,1,0,-10.39799976
102,10-440,U/N Reef,-10.9422,143.7125,1,1,1,-8.75
103,10-441,NA,-11.0129,143.7672,0,1,NA,NA
104,10-442,U/N Reef,-10.984,143.7784,1,1,0,-14.08100033
105,10-443,U/N Reef,-10.7417,143.956,1,1,1,-2.707999945
106,10-444,U/N Reef,-10.9351,144.0019,1,1,1,-7.837999821
107,10-445,U/N Reef,-10.9125,144.034,1,1,1,-4.974999905
108,10-800,U/N Reef,-10.8107,142.739,1,1,1,-1.269999981
109,10-801,U/N Reef,-10.9933,142.746,1,1,1,1.31400001
110,10-807,U/N Reef,-10.6852,143.9531,1,1,1,-1.791000009
111,10-407b,U/N Reef,-10.86,143.9921,1,1,1,-1.445000052
112,10-408,U/N Reef,-10.8564,143.6588,1,1,0,-13.74400043
113,10-409,U/N Reef,-10.8594,143.7112,1,1,0,-10.55200005
114,10-410,U/N Reef,-10.8696,143.7934,1,1,1,-0.375999987
115,10-411,U/N Reef,-10.8051,143.47,1,1,1,-0.666000009
116,10-411b,U/N Reef,-10.8516,143.5866,1,1,1,-6.252999783
117,10-412,U/N Reef,-10.8874,144.0141,1,1,1,-0.052999999
118,10-413,U/N Reef,-10.8957,143.5524,1,1,1,-1.302000046
119,10-414,U/N Reef,-10.9267,144.0181,1,1,1,-0.188999996
120,10-415,U/N Reef,-10.9116,143.5728,1,1,1,-7.697999954
121,10-416a,U/N Reef,-10.9639,144.0152,1,1,1,-2.663000107
122,10-416b,U/N Reef,-10.9659,144.0322,1,1,1,-0.203999996
123,10-417,U/N Reef,-10.8819,143.4672,1,1,1,-6.263999939
124,10-418a,U/N Reef,-10.9968,144.0352,1,1,1,-0.041000001
125,10-418b,U/N Reef,-10.9861,144.0181,1,1,1,-1.299000025
126,10-419a,U/N Reef,-11.0078,144.0129,1,1,1,-1.067000031
127,10-419b,U/N Reef,-11.0179,144.0131,1,1,1,-1.228000045
128,10-420,U/N Reef,-11.0178,143.995,1,1,1,-1.044999957
129,10-421,U/N Reef,-10.9904,143.3649,1,1,1,-8.25
130,10-422,U/N Reef,-10.987,143.2949,1,1,1,-7.822000027
131,10-423,U/N Reef,-10.9042,143.6632,1,1,0,-12.90400028
132,10-424,U/N Reef,-10.8997,143.7573,1,1,0,-12.10900021
133,10-425,U/N Reef,-10.9136,143.5341,1,1,0,-11.05000019
134,11-034,U/N Reef,-11.1761,143.1012,1,1,1,0.291000009
135,11-001,Arnold Reef,-11.0067,142.9925,1,1,1,-0.097000003
136,11-002,Thomson Islet Reef,-11.025,142.7555,1,1,1,0.026000001
137,11-003,U/N Reef,-11.0704,142.7832,1,1,1,1.243000031
138,11-004,Gilmore Bank,-11.1587,142.837,1,1,1,-6.551000118
139,11-005,U/N Reef,-11.1855,142.8113,1,1,1,-3.188999891
140,11-006,U/N Reef,-11.1943,142.8123,1,1,1,-5.236000061
141,11-007,U/N Reef,-11.2317,142.824,1,1,1,-5.335000038
142,11-008,U/N Reef,-11.2489,142.819,1,1,1,-0.927999973
143,11-009,Bushy Island Reef,-11.2573,142.8725,1,1,1,0.656000018
144,11-010,Cairncross Islets Reef,-11.25,142.9291,1,1,1,0.632000029
145,11-011a,U/N Reef,-11.2902,142.8287,1,1,1,-3.846999884
146,11-011b,U/N Reef,-11.2939,142.8309,1,1,1,-3.930999994
147,11-012,U/N Reef,-11.3725,142.8655,1,1,1,0.894999981
148,11-013,Halfway Islet Reef,-11.3848,142.9654,1,1,1,0.165999994
149,11-014,Pearn Reef,-11.4349,142.9353,1,1,NA,NA
150,11-015,U/N Reef,-11.4243,142.8412,1,1,1,0.625999987
151,11-016,McSweeney Reef,-11.0231,143.2427,1,1,1,-0.869000018
152,11-017,U/N Reef,-11.0279,143.3335,1,1,1,-6.229000092
153,11-018,U/N Reef,-11.0323,143.3564,1,1,1,-6.894000053
154,11-019,U/N Reef,-11.0285,143.4737,1,1,1,-8.279999733
155,11-020,U/N Reef,-11.0388,143.3795,1,1,1,-7.55700016
156,11-021,U/N Reef,-11.0588,143.371,1,1,NA,NA
157,11-022,U/N Reef,-11.0476,143.4676,1,1,1,-7.438000202
158,11-023,U/N Reef,-11.0746,143.4022,1,1,1,-6.71999979
159,11-024,U/N Reef,-11.0791,143.3198,1,1,1,-7.096000195
160,11-025,U/N Reef,-11.07,143.0908,1,1,1,-0.691999972
161,11-026,Sinclair Reef,-11.1166,143.0285,1,1,1,0.082000002
162,11-027,U/N Reef,-11.1292,143.0006,1,1,1,-6.982999802
163,11-028,U/N Reef,-11.1067,143.4941,1,1,1,-7.05700016
164,11-029,Monsoon Reef,-11.1288,143.253,1,1,1,-0.402999997
165,11-030,U/N Reef,-11.1438,143.4413,1,1,1,-6.532000065
166,11-031,U/N Reef,-11.1421,143.2229,1,1,1,-7.500999928
167,11-032,U/N Reef,-11.1607,143.4215,1,1,1,-7.997000217
168,11-033a,U/N Reef,-11.184,143.3933,1,1,1,-7.492000103
169,11-033b,U/N Reef,-11.2045,143.3937,1,1,1,-7.952000141
170,11-048b,Turning Point Patches (No 2),-11.3682,143.5458,1,1,1,-7.237999916
171,11-049,U/N Reef,-11.361,143.3355,1,1,1,-1.110000014
172,11-050,U/N Reef,-11.3773,143.1607,1,1,1,-0.563000023
173,11-051,U/N Reef,-11.3705,143.0732,1,1,NA,NA
174,11-052,Cholmondeley Reef,-11.3896,143.0702,1,1,1,-0.118000001
175,11-053,Jardine Reef,-11.3851,143.0353,1,1,1,-0.079000004
176,11-054,U/N Reef,-11.434,143.1652,1,1,1,-0.996999979
177,11-055,Wallace Islet Reef,-11.4539,143.042,1,1,1,-0.419999987
178,11-035,Milman-Aplin Reef,-11.1833,143.0328,1,1,1,0.412999988
179,11-036,Parsons Reef,-11.1844,143.1976,1,1,1,-1.125
180,11-037,Collette Reef,-11.2154,143.3181,1,1,1,-1.256000042
181,11-038,Douglas Islet Reef,-11.2432,143.0007,1,1,1,0.363999993
182,11-039,U/N Reef,-11.2414,143.2571,1,1,1,-1.154000044
183,11-040,U/N Reef,-11.2714,143.1497,1,1,1,-1.217000008
184,11-041a,U/N Reef,-11.2886,143.0342,1,1,NA,NA
185,11-041b,U/N Reef,-11.2874,143.0462,1,1,NA,NA
186,11-042,U/N Reef,-11.295,143.1963,1,1,1,-0.975000024
187,11-043,Onslow Reef,-11.2974,143.2813,1,1,NA,NA
188,11-044,Wilds Shoal,-11.2769,143.3693,1,1,1,-7.714000225
189,11-045,U/N Reef,-11.2706,143.4852,1,1,1,-7.645999908
190,11-046,U/N Reef,-11.3191,143.1263,1,1,1,-2.157999992
191,11-047,U/N Reef,-11.3416,143.1278,1,1,1,-1.138000011
192,11-048a,Turning Point Patches (No 1),-11.3292,143.4056,1,1,1,-1.407999992
193,11-071,U/N Reef,-11.2543,143.5428,1,1,1,-8.423000336
194,11-072,U/N Reef,-11.2826,143.9955,1,1,1,-1.093000054
195,11-073,U/N Reef,-11.2824,144.0058,1,1,1,-1.018000007
196,11-074,U/N Reef,-11.2949,143.9963,1,1,1,-1.179999948
197,11-075,U/N Reef,-11.2953,143.9792,1,1,1,-1.29400003
198,11-076,U/N Reef,-11.3093,143.9808,1,1,1,-1.692000031
199,11-056a,U/N Reef,-11.5046,143.4012,1,1,1,-0.913999975
200,11-056b,U/N Reef,-11.4618,143.2701,1,1,1,-1.25
201,11-056c,U/N Reef,-11.3969,143.3099,1,1,1,-1.126000047
202,11-056d,U/N Reef,-11.4603,143.378,1,1,1,-7.504000187
203,11-057,Cochin Reef,-11.4305,143.4389,1,1,1,-0.917999983
204,11-058,Parkinson Reef,-11.4681,143.1247,1,1,1,-0.068000004
205,11-059,Monkman Reef,-11.472,143.1567,1,1,1,-0.301999986
206,11-060,U/N Reef,-11.482,143.0751,1,1,1,-1.024999976
207,11-061,Little Boydong Reef,-11.4888,143.0406,1,1,1,-0.25
208,11-062,Boydong Island Reef,-11.498,143.0288,1,1,1,-0.172000006
209,11-063a,U/N Reef,-10.9777,143.4992,1,1,1,-7.535999775
210,11-063b,U/N Reef,-11.016,143.5894,1,1,1,-9.234000206
211,11-064,U/N Reef,-11.0949,143.6618,1,1,1,-9.253000259
212,11-065,U/N Reef,-11.1512,143.5843,1,1,0,-12.59899998
213,11-066,U/N Reef,-11.1571,143.6947,1,1,0,-10.06900024
214,11-067,U/N Reef,-11.1482,143.5348,1,1,1,-9.871999741
215,11-068,U/N Reef,-11.2073,143.5889,1,1,0,-10.66300011
216,11-069,U/N Reef,-11.1924,143.7148,1,1,0,-11.52000046
217,11-070a,Maclennan Reef (No 1),-11.3149,143.7982,1,1,1,0.177000001
218,11-070b,Maclennan Reef (No 2),-11.2526,143.6751,1,1,0,-11.06099987
219,11-070c,Maclennan Reef (No 3),-11.2557,143.8192,1,1,0,-16.07099915
220,11-103,Indefatigable Reef,-11.4735,143.6366,1,1,1,-0.072999999
221,11-104,U/N Reef,-11.4665,143.7075,1,1,0,-12.14999962
222,11-105,U/N Reef,-11.4759,143.9284,1,1,1,-1.470000029
223,11-107,U/N Reef,-11.4754,144.0179,1,1,1,-0.745000005
224,11-108,U/N Reef,-11.4779,143.9009,1,1,1,-0.966000021
225,11-109a,U/N Reef,-11.4921,143.9242,1,1,1,-0.921999991
226,11-109b,U/N Reef,-11.4827,143.9456,1,1,1,-1
227,11-110,U/N Reef,-11.4899,143.8581,1,1,1,-1.148000002
228,11-111,U/N Reef,-11.4992,143.5381,1,1,0,-10.67000008
229,11-112,U/N Reef,-11.0307,143.9979,1,1,1,-1.25
230,11-113,U/N Reef,-11.0393,144.0173,1,1,1,-1.075999975
231,11-114,U/N Reef,-11.049,144.0224,1,1,1,-1.279999971
232,11-115,U/N Reef,-11.0549,144.0336,1,1,1,-0.105999999
233,11-116,U/N Reef,-11.0692,144.0407,1,1,1,-0.790000021
234,11-117,U/N Reef,-11.1034,144.044,1,1,1,-0.033
235,11-118a,U/N Reef,-11.1316,144.0333,1,1,1,-1.225999951
236,11-118b,U/N Reef,-11.1407,144.0258,1,1,1,-4.853000164
237,11-119,U/N Reef,-11.146,144.0584,1,1,1,-0.032000002
238,11-077,U/N Reef,-11.3224,143.9624,1,1,1,-1.049999952
239,11-078,U/N Reef,-11.3282,143.9818,1,1,1,-1.368999958
240,11-079,U/N Reef,-11.3083,143.5057,1,1,1,-8.272000313
241,11-080,U/N Reef,-11.305,143.6725,1,1,0,-12.98499966
242,11-081,U/N Reef,-11.3482,143.9566,1,1,1,-0.971000016
243,11-082,U/N Reef,-11.3559,143.952,1,1,1,-1.161000013
244,11-083,U/N Reef,-11.361,143.9641,1,1,1,-1.613000035
245,11-084,U/N Reef,-11.3644,143.9766,1,1,1,-0.141000003
246,11-085,U/N Reef,-11.3637,143.9517,1,1,1,-1.254999995
247,11-087a,U/N Reef,-11.3724,143.9444,1,1,1,-1.417999983
248,11-087b,U/N Reef,-11.3715,143.959,1,1,1,-0.486999989
249,11-088,U/N Reef,-11.3832,143.96,1,1,1,-0.059
250,11-089a,U/N Reef,-11.3913,143.9784,1,1,1,-1.682999969
251,11-089b,U/N Reef,-11.3922,143.9585,1,1,1,-1.225000024
252,11-090,U/N Reef,-11.3364,143.5897,1,1,0,-15.43799973
253,11-091,U/N Reef,-11.4024,143.9637,1,1,1,-0.331
254,11-092,U/N Reef,-11.3711,143.7155,1,1,1,0.077
255,11-093,U/N Reef,-11.4007,143.7688,1,1,1,-0.69599998
256,11-094,U/N Reef,-11.4116,143.9649,1,1,1,-1.511999965
257,11-095,U/N Reef,-11.416,143.9696,1,1,1,-1.486999989
258,11-096,U/N Reef,-11.4212,143.9751,1,1,1,-1.305999994
259,11-097,U/N Reef,-11.4274,143.9741,1,1,1,-1.248000026
260,11-098,Risk Reef,-11.4228,143.7677,1,1,1,0.079000004
261,11-099,U/N Reef,-11.4242,143.5423,1,1,0,-13.31099987
262,11-100,Shadwell Reef,-11.4578,143.7689,1,1,1,-0.305999994
263,11-101,U/N Reef,-11.4658,143.512,1,1,0,-12.31599998
264,11-102,U/N Reef,-11.4631,143.9677,1,1,1,-1.103999972
265,11-157,U/N Reef,-11.5527,143.5164,1,1,1,-6.900000095
266,11-158,U/N Reef,-11.5803,143.2319,1,1,1,-1.478000045
267,11-120,U/N Reef,-11.1852,144.06,1,1,1,-0.162
268,11-121,U/N Reef,-11.1924,144.0436,1,1,1,-1.108999968
269,11-122,U/N Reef,-11.2007,144.0466,1,1,1,-1.286999941
270,11-123,U/N Reef,-11.2097,144.051,1,1,1,-0.519999981
271,11-124,U/N Reef,-11.2175,144.0562,1,1,1,-1.254999995
272,11-125,Stark Reef,-11.2613,144.0657,1,1,1,0.035999998
273,11-126a,U/N Reef,-11.2636,144.0125,1,1,1,-1.379999995
274,11-126b,U/N Reef,-11.2693,144.0183,1,1,1,-1.32099998
275,11-127a,U/N Reef,-11.2616,144.0241,1,1,1,-1.508999944
276,11-127b,U/N Reef,-11.2761,144.0264,1,1,1,-1.001999974
277,11-128,U/N Reef,-11.2793,144.0342,1,1,1,-1.019000053
278,11-129,U/N Reef,-11.2763,144.0441,1,1,1,-1.146999955
279,11-130,Moulter Reef,-11.4248,144.0383,1,1,1,-0.140000001
280,11-131,Saunders Reef,-11.494,144.0699,1,1,1,-0.059999999
281,11-132,Hunter Reefs,-11.5122,142.8727,1,1,1,-1.567999959
282,11-133,U/N Reef,-11.5637,142.8437,1,1,1,1.31400001
283,11-134,Pirie Reef,-11.5904,142.8983,1,1,1,0.416999996
284,11-135,U/N Reef,-11.6276,142.8569,1,1,1,1.238999963
285,11-136,Hannibal Islands Reef,-11.5979,142.9397,1,1,1,0.056000002
286,11-137,U/N Reef,-11.6514,142.9075,1,1,1,-0.836000025
287,11-138,MacArthur Islands Reef,-11.7324,142.9852,1,1,1,0.268999994
288,11-139,U/N Reef,-11.7591,142.973,1,1,1,0.632000029
289,11-140,U/N Reef,-11.7624,142.8959,1,1,1,-0.377000004
290,11-141,U/N Reef,-11.7697,142.9157,1,1,1,-0.797999978
291,11-142,U/N Reef,-11.7727,142.9372,1,1,1,-0.204999998
292,11-143,U/N Reef,-11.7707,142.9555,1,1,1,-2.256999969
293,11-144,U/N Reef,-11.781,142.8782,1,1,1,-4.211999893
294,11-145,U/N Reef,-11.7999,142.8562,1,1,1,1.620000005
295,11-146,U/N Reef,-11.7968,142.9365,1,1,NA,NA
296,11-147,U/N Reef,-11.8053,142.9002,1,1,1,-0.36500001
297,11-148,U/N Reef,-11.8267,142.896,1,1,1,-1.690000057
298,11-149,U/N Reef,-11.8489,142.8756,1,1,1,1.618999958
299,11-150,U/N Reef,-11.8431,142.9387,1,1,1,-1.460999966
300,11-151,U/N Reef,-11.8619,142.9936,1,1,1,-1.498999953
301,11-152,U/N Reef,-11.8799,142.9126,1,1,1,0.244000003
302,11-153,U/N Reef,-11.8844,142.9704,1,1,1,-1.585999966
303,11-154,U/N Reef,-11.5183,143.0818,1,1,1,0.164000005
304,11-155,U/N Reef,-11.5316,143.1779,1,1,1,-1.222000003
305,11-156,Wizard Reef,-11.5504,143.0168,1,1,1,-0.606000006
306,11-169,Bird Islands Reef (South),-11.789,143.0855,1,1,1,0.127000004
307,11-170,Chimmo Shoal,-11.8041,143.2461,1,1,1,-6.480999947
308,11-171,Guthray Reef,-11.8019,143.265,1,1,1,-0.628000021
309,11-172,U/N Reef,-11.8071,143.0093,1,1,NA,NA
310,11-173,Cockburn Reef,-11.8235,143.3696,1,1,1,-0.023
311,11-174,Magra Reef,-11.8644,143.2856,1,1,1,-0.144999996
312,11-175,U/N Reef,-11.874,143.2971,1,1,1,-1.404000044
313,11-176,Rodney Reef,-11.8952,143.1073,1,1,1,0.458999991
314,11-177,U/N Reef,-11.9064,143.1291,1,1,1,0.246999994
315,11-178,Cockburn Patch,-11.9111,143.338,1,1,1,-5.295000076
316,11-179,Erlangen Patch,-11.9182,143.351,1,1,1,-5.364999771
317,11-180,Paluma Shoal,-11.9204,143.3105,1,1,NA,NA
318,11-159,U/N Reef,-11.5902,143.1785,1,1,1,-0.801999986
319,11-160,U/N Reef,-11.5861,143.4236,1,1,1,-1.197000027
320,11-161,Viking Reef,-11.5942,143.0104,1,1,1,-0.180999994
321,11-162,U/N Reef,-11.604,143.2908,1,1,1,-0.859000027
322,11-163,U/N Reef,-11.6207,143.5206,1,1,1,-7.723999977
323,11-164,U/N Reef,-11.6908,143.434,1,1,1,-1.146999955
324,11-165,Thrush Reef,-11.7113,143.1928,1,1,1,-0.079999998
325,11-166,Forwood Reef,-11.7357,143.2484,1,1,1,-0.785000026
326,11-167,Bird Islands Reef (North),-11.7714,143.0884,1,1,1,0.338
327,11-168,Fairway Reef,-11.7508,143.2433,1,1,NA,NA
328,11-223,Three Reefs,-11.7693,143.8948,1,1,1,-1.169999957
329,11-224,U/N Reef,-11.7813,143.8694,1,1,1,-2.594000101
330,11-225,U/N Reef,-11.7911,143.8695,1,1,1,-1.292000055
331,11-226,U/N Reef,-11.8008,143.8643,1,1,1,-1.194000006
332,11-227,U/N Reef,-11.8086,143.865,1,1,1,-0.883000016
333,11-228,Wood Reef,-11.802,143.9691,1,1,1,-1.164000034
334,11-181,Sunday Reef,-11.9271,143.2075,1,1,1,0.115999997
335,11-182,Bremner Shoal,-11.9435,143.216,1,1,NA,NA
336,11-183,Outer Reef,-11.9425,143.242,1,1,NA,NA
337,11-184a,Queue Reef,-11.9332,143.3712,1,1,1,-0.685000002
338,11-184b,Wreck Reef,-11.9481,143.4172,1,1,1,-0.871999979
339,11-184c,Sir Charles Hardy Islands Reef,-11.9118,143.4963,1,1,1,0.082999997
340,11-185,Nob Reef,-11.9518,143.2688,1,1,1,0.232999995
341,11-186,U/N Reef,-11.9606,143.2711,1,1,1,0.465000004
342,11-187,Harvey Reef,-11.97,143.2677,1,1,1,0.103
343,11-188,Clerke Reef,-11.9697,143.286,1,1,1,0.248999998
344,11-189,Perry Reef,-11.9713,143.2547,1,1,1,0.004
345,11-190a,Cape Grenville Reef (No 1),-11.9591,143.234,1,1,1,-0.075999998
346,11-190b,Cape Grenville Reef (No 2),-11.9717,143.2443,1,1,1,-0.054000001
347,11-190c,Cape Grenville Reef (No 3),-11.9834,143.2198,1,1,1,-0.01
348,11-191,Hicks Reef,-11.9841,143.2701,1,1,1,-0.048
349,11-192,Middle Reef,-11.9838,143.2565,1,1,1,-1.095999956
350,11-193a,Twin Reefs (North),-11.9948,143.2681,1,1,1,-6.105999947
351,11-193b,Twin Reefs (South),-11.9982,143.2673,1,1,NA,NA
352,11-194,Gore Reef,-11.991,143.2476,1,1,1,-0.023
353,11-195,South Reef,-11.9983,143.2412,1,1,1,-0.028999999
354,11-196,U/N Reef,-11.5121,143.9623,1,1,1,-1.139000058
355,11-197,U/N Reef,-11.5136,143.8694,1,1,1,-1.077999949
356,11-200,Siddons Reef,-11.5126,143.6422,1,1,1,-0.805999994
357,11-201,U/N Reef,-11.5308,143.8668,1,1,1,-1.148000002
358,11-202,U/N Reef,-11.5268,143.8783,1,1,1,-1.09800005
359,11-203,U/N Reef,-11.5399,143.856,1,1,1,-1.065999985
360,11-204,U/N Reef,-11.5504,143.865,1,1,1,-1.072000027
361,11-205,U/N Reef,-11.5307,143.9121,1,1,1,-0.925999999
362,11-206,U/N Reef,-11.5164,143.9821,1,1,1,-0.995000005
363,11-207,U/N Reef,-11.5453,143.9016,1,1,1,-1.024000049
364,11-208a,U/N Reef,-11.5588,143.8618,1,1,1,-1.082000017
365,11-208b,U/N Reef,-11.5642,143.8648,1,1,1,-1.422000051
366,11-209,U/N Reef,-11.556,143.8825,1,1,1,-1.106999993
367,11-210a,U/N Reef,-11.5697,143.8687,1,1,1,-1.097000003
368,11-210b,U/N Reef,-11.5721,143.8751,1,1,1,-1.001999974
369,11-211,Pearson Reef,-11.5668,143.7159,1,1,1,-0.980000019
370,11-212,Jukes Reef,-11.5923,143.8553,1,1,1,-0.137999997
371,11-213,U/N Reef,-11.6024,143.5157,1,1,NA,NA
372,11-214,Bowles Reef,-11.6233,143.6845,1,1,1,-1.116999984
373,11-215,U/N Reef,-11.6301,143.8796,1,1,1,-0.720000029
374,11-216,U/N Reef,-11.6594,143.5772,1,1,1,-1.106999993
375,11-263,U/N Reef,-11.3062,143.7542,1,1,0,-18.82999992
376,11-264,U/N Reef,-11.8076,143.7739,1,1,NA,NA
377,11-217,U/N Reef,-11.6896,143.5499,1,1,1,-8.152999878
378,11-218,U/N Reef,-11.6374,143.9141,1,1,NA,NA
379,11-219,U/N Reef,-11.6651,143.9018,1,1,NA,NA
380,11-220,U/N Reef,-11.6991,143.9025,1,1,NA,NA
381,11-221,U/N Reef,-11.7276,143.8954,1,1,NA,NA
382,11-222b,Salamander Reef,-11.7694,143.6802,1,1,1,-4.782000065
383,11-243,Raine Reef,-11.595,144.0443,1,1,1,-0.046
384,11-244a,Great Detached Reef (No 1),-11.6814,144.0183,1,1,1,-0.239999995
385,11-244b,Great Detached Reef (No 2),-11.7779,144.0703,1,1,1,0.426999986
386,11-244c,Great Detached Reef (No 3),-11.7842,143.9976,1,1,1,-1.238999963
387,11-244d,Great Detached Reef (No 4),-11.7053,143.973,1,1,1,-1.174000025
388,11-245,U/N Reef,-11.5322,144.0208,1,1,1,-6.426000118
389,11-246,Passage Reef,-11.9646,143.2474,1,1,1,-5.309000015
390,11-247,U/N Reef,-11.507,143.1115,1,1,1,-4.890999794
391,11-248,U/N Reef,-11.3272,143.114,1,1,1,-6.352000237
392,11-249,U/N Reef,-11.6204,143.3304,1,1,1,-9.684000015
393,11-250,U/N Reef,-11.4883,143.3535,1,1,0,-10.26500034
394,11-251,U/N Reef,-11.5522,143.3697,1,1,1,-5.768000126
395,11-252,U/N Reef,-11.4495,143.412,1,1,1,-7.460000038
396,11-253,U/N Reef,-11.1792,143.4427,1,1,NA,NA
397,11-254,U/N Reef,-11.1082,143.4593,1,1,1,-9.913000107
398,11-255,U/N Reef,-11.4984,143.4777,1,1,0,-12.125
399,11-256,U/N Reef,-11.6257,143.6511,1,1,0,-13.59200001
400,11-257,U/N Reef,-11.4284,143.6594,1,1,0,-13.64599991
401,11-258,U/N Reef,-11.5597,143.6855,1,1,0,-14.45199966
402,11-259,U/N Reef,-11.557,143.7056,1,1,0,-14.41300011
403,11-260,U/N Reef,-11.7961,143.7242,1,1,NA,NA
404,11-261,U/N Reef,-11.8056,143.7455,1,1,0,-18.76799965
405,11-262,U/N Reef,-11.4875,143.7503,1,1,NA,NA
406,11-229a,Devlin Reef,-11.8258,143.856,1,1,1,-0.635999978
407,11-229b,U/N Reef,-11.8443,143.8427,1,1,1,-0.368000001
408,11-230,U/N Reef,-11.8544,143.8239,1,1,1,-1.113000035
409,11-231,U/N Reef,-11.86,143.8295,1,1,1,-1.082000017
410,11-232,Five Reefs,-11.8702,143.8382,1,1,1,-0.071000002
411,11-233,U/N Reef,-11.8569,143.5902,1,1,1,-8.677000046
412,11-234,U/N Reef,-11.8254,143.6766,1,1,0,-14.15400028
413,11-235,U/N Reef,-11.8832,143.8247,1,1,1,-1.202000022
414,11-236,U/N Reef,-11.8975,143.8339,1,1,1,-0.671999991
415,11-237a,Ashmore Banks (No 1),-11.8859,143.6294,1,1,1,-0.01
416,11-237b,Ashmore Banks (No 2),-11.8805,143.7104,1,1,1,-0.054000001
417,11-237c,Ashmore Banks (No 3),-11.9267,143.688,1,1,1,-0.075000003
418,11-238,U/N Reef,-11.927,143.853,1,1,1,-0.375999987
419,11-239,Star Reef,-11.9534,143.8681,1,1,1,-0.734000027
420,11-240,Yule Detached Reef,-11.9489,143.9884,1,1,1,0.003
421,11-241,Job Reef,-11.9797,143.8841,1,1,1,-0.490999997
422,11-242,U/N Reef,-11.9936,143.9046,1,1,1,-1.65199995
423,12-007,Nomad Reef,-12.1423,143.3747,1,1,1,-0.837000012
424,12-008,Tyrrel Reefs,-12.1917,143.1085,1,1,1,-0.579999983
425,12-009,Pickard Reef,-12.2319,143.1326,1,1,1,-0.229000002
426,12-010,Kay Reef,-12.2316,143.2865,1,1,1,0.460000008
427,12-011,Beesley-Baird Reef,-12.2423,143.2063,1,1,1,0.467000008
428,11-265,U/N Reef,-11.5068,143.7772,1,1,0,-16.07699966
429,11-266,U/N Reef,-11.8131,143.7775,1,1,NA,NA
430,11-267,U/N Reef,-11.8106,143.7822,1,1,NA,NA
431,11-268,U/N Reef,-11.8256,143.7849,1,1,NA,NA
432,11-269,U/N Reef,-11.4185,143.8014,1,1,0,-15.2840004
433,11-270,U/N Reef,-11.3738,143.8051,1,1,0,-10.9090004
434,11-271,U/N Reef,-11.1916,143.8102,1,1,0,-15.65699959
435,11-272,U/N Reef,-11.8453,143.8258,1,1,1,-1.465999961
436,11-273,U/N Reef,-11.9173,143.8348,1,1,1,-8.640999794
437,11-274,U/N Reef,-11.5257,143.8501,1,1,1,-6.781000137
438,11-275,U/N Reef,-11.2879,143.855,1,1,0,-12.81099987
439,11-276,U/N Reef,-11.7301,143.8745,1,1,1,-7.948999882
440,11-277,U/N Reef,-11.1817,143.8762,1,1,0,-11.26000023
441,11-278,U/N Reef,-11.7055,143.8848,1,1,1,-8.585000038
442,11-279,U/N Reef,-11.7363,143.8873,1,1,1,-9.581000328
443,11-280,U/N Reef,-11.7545,143.8898,1,1,1,-4.912000179
444,11-281,U/N Reef,-11.6321,143.8898,1,1,1,-5.778999805
445,11-282,U/N Reef,-11.522,143.8909,1,1,1,-2.89199996
446,11-283,U/N Reef,-11.632,143.8936,1,1,1,-3.365999937
447,11-284,U/N Reef,-11.5748,143.8953,1,1,1,-3.134000063
448,11-285,U/N Reef,-11.5981,143.8963,1,1,1,-3.450000048
449,11-286,U/N Reef,-11.5971,143.9039,1,1,1,-3.460999966
450,11-287,U/N Reef,-11.575,143.9637,1,1,0,-10.19799995
451,11-288,NA,-11.7318,143.9768,0,1,NA,NA
452,11-289,U/N Reef,-11.3779,143.982,1,1,1,-4.892000198
453,11-290,U/N Reef,-11.4706,143.9834,1,1,1,-1.705000043
454,11-291,U/N Reef,-11.3289,143.9883,1,1,1,-3.920000076
455,11-292,U/N Reef,-11.3494,143.9887,1,1,1,-5.540999889
456,11-293,U/N Reef,-11.3706,143.9907,1,1,1,-3.99000001
457,11-294,U/N Reef,-11.3556,143.9914,1,1,1,-7.269000053
458,11-295,U/N Reef,-11.3231,143.9959,1,1,1,-1.837000012
459,11-296,U/N Reef,-11.3448,143.998,1,1,1,-4.40899992
460,11-297,U/N Reef,-11.3229,144.0018,1,1,1,-2.811000109
461,11-298,U/N Reef,-11.3313,144.0041,1,1,1,-2.721999884
462,11-299,U/N Reef,-11.2523,144.0051,1,1,1,-2.927999973
463,11-300,U/N Reef,-11.1218,144.0055,1,1,1,-1.363000035
464,11-301,U/N Reef,-11.3278,144.0103,1,1,1,-2.654000044
465,11-302,U/N Reef,-11.3426,144.0104,1,1,1,-6.673999786
466,11-303,NA,-11.7618,144.0132,0,1,NA,NA
467,11-304,U/N Reef,-11.3103,144.0136,1,1,1,-7.124000072
468,11-305,U/N Reef,-11.2567,144.0153,1,1,1,-8.362000465
469,11-306,U/N Reef,-11.303,144.0157,1,1,NA,NA
470,11-307,U/N Reef,-11.3319,144.0164,1,1,1,-4.552999973
471,11-308,U/N Reef,-11.286,144.0176,1,1,1,-6.052999973
472,11-309,U/N Reef,-11.3102,144.0195,1,1,1,-7.145999908
473,11-310,NA,-11.7724,144.022,0,1,NA,NA
474,11-311,NA,-11.7682,144.0271,0,1,NA,NA
475,11-312,U/N Reef,-11.2926,144.0436,1,1,1,-2.592000008
476,11-313,U/N Reef,-11.2743,144.0527,1,1,1,-1.519999981
477,11-314,U/N Reef,-11.0909,144.0634,1,1,1,-9.088000298
478,11-315,U/N Reef,-11.0576,143.2621,1,1,1,-7.065999985
479,11-316,U/N Reef,-11.0134,143.5396,1,1,NA,NA
480,11-317,U/N Reef,-11.0419,143.669,1,1,0,-10.24300003
481,11-318,U/N Reef,-11.0368,143.6852,1,1,0,-15.68299961
482,11-319,U/N Reef,-11.0046,143.6924,1,1,0,-17.92200089
483,11-320,U/N Reef,-11.0172,143.71,1,1,0,-12.02299976
484,11-321,U/N Reef,-11.0631,143.7519,1,1,0,-15.84500027
485,11-322,U/N Reef,-11.0534,143.7989,1,1,0,-16.13800049
486,11-323,U/N Reef,-11.0733,143.8092,1,1,0,-20.09600067
487,11-324,U/N Reef,-11.0796,144.0607,1,1,1,-7.15500021
488,11-800,U/N Reef,-11.4841,142.8338,1,1,1,1.618000031
489,12-001,Haggerston Reef,-12.0292,143.3007,1,1,1,-0.104999997
490,12-002,Bannan Reef,-12.0694,143.2944,1,1,1,-1.950999975
491,12-003a,Mason Reef,-12.102,143.4781,1,1,1,-0.093999997
492,12-003b,U/N Reef,-12.1136,143.3516,1,1,1,-1.713000059
493,12-003c,U/N Reef,-12.1533,143.4468,1,1,1,-1.858999968
494,12-003d,U/N Reef,-12.1863,143.5876,1,1,NA,NA
495,12-004,Moody Reef,-12.0993,143.2646,1,1,1,-0.400000006
496,12-005,Young Reef,-12.1268,143.2185,1,1,1,-0.156000003
497,12-006,Laurel Reef,-12.1395,143.2764,1,1,1,-0.538999975
498,12-027c,Fison Reefs,-12.3741,143.5459,1,1,1,-0.875999987
499,12-028,U/N Reef,-11.9951,143.9075,1,1,1,-2.289999962
500,12-029,U/N Reef,-11.9964,143.9106,1,1,1,-1.416000009
501,12-030,U/N Reef,-12.111,143.6792,1,1,1,-0.736999989
502,12-031,U/N Reef,-12.0043,143.9231,1,1,1,-0.644999981
503,12-032,U/N Reef,-12.0221,143.9555,1,1,1,-0.875
504,12-033,U/N Reef,-12.0338,143.848,1,1,1,-1.008999944
505,12-034,U/N Reef,-12.0384,143.8719,1,1,1,-1.034000039
506,12-035,U/N Reef,-12.0467,143.8966,1,1,1,-1.340999961
507,12-036,U/N Reef,-12.0417,143.8326,1,1,1,-0.856000006
508,12-037,Wishbone Reef,-12.0651,143.9646,1,0,1,-0.004
509,12-038a,U/N Reef,-12.0541,143.9092,1,1,1,-1.093999982
510,12-038b,U/N Reef,-12.0577,143.9329,1,0,1,-1.738999963
511,12-039,U/N Reef,-12.0515,143.8175,1,1,1,-0.764999986
512,12-040,U/N Reef,-12.0723,143.8114,1,1,1,-0.614000022
513,12-041,U/N Reef,-12.0576,143.549,1,1,1,-7.743999958
514,12-042,U/N Reef,-12.0951,143.8037,1,1,1,-0.425999999
515,12-043a,Martha Ridgway Reef (North),-12.12,143.808,1,1,1,-0.754000008
516,12-043b,Martha Ridgway Reef (South),-12.1447,143.8109,1,1,1,-0.852999985
517,12-012,Piper Reef,-12.251,143.2395,1,1,1,0.463
518,12-013,Inset Reef,-12.2472,143.2749,1,1,1,-0.391000003
519,12-014,Hazel Reef,-12.2716,143.2997,1,1,1,0.463999987
520,12-015,Ada Reef,-12.2865,143.1257,1,1,1,-3.382999897
521,12-016a,Gallon Reef,-12.309,143.4293,1,1,1,-0.624000013
522,12-016b,Forbes Islands Reef,-12.2968,143.4063,1,1,1,0.024
523,12-016c,U/N Reef,-12.2453,143.5132,1,1,1,-0.976000011
524,12-017,Lion Reef,-12.3054,143.1829,1,1,1,-3.072000027
525,12-018,Daniell Reef,-12.3119,143.1972,1,1,1,-0.941999972
526,12-019,North Pint Patch,-12.3305,143.344,1,1,NA,NA
527,12-020,South Pint Patch,-12.3509,143.3584,1,1,NA,NA
528,12-021,Andrew Reef,-12.3551,143.2421,1,1,1,-2.073999882
529,12-022,U/N Reef,-12.3635,143.2158,1,1,1,0.248999998
530,12-023,Kangaroo Shoals,-12.389,143.2736,1,1,1,-1.429999948
531,12-024,U/N Reef,-12.3849,143.4818,1,1,1,-0.855000019
532,12-025,U/N Reef,-12.4331,143.284,1,1,1,-2.411000013
533,12-026,Kemp Rocks Reef,-12.4395,143.361,1,1,NA,NA
534,12-027,NA,-12.4231,143.4986,0,1,1,0.083999999
535,12-027a,Eel Reef,-12.4735,143.4759,1,1,1,-0.504000008
536,12-096,Dolphin Reef,-12.5587,143.5296,1,0,1,-1.764999986
537,12-097,U/N Reef,-12.5768,143.7855,1,0,1,-0.59799999
538,12-098,Second Small Reef,-12.5821,143.7945,1,0,1,-0.182999998
539,12-099,Southern Small Detached Reef,-12.5835,143.8663,1,0,1,-0.082999997
540,12-100,U/N Reef,-12.6143,143.7142,1,0,1,-1.30400002
541,12-101,U/N Reef,-12.5993,143.8108,1,0,1,-0.61500001
542,12-044,U/N Reef,-12.1719,143.7845,1,1,1,-7.626999855
543,12-045,U/N Reef,-12.1583,143.7897,1,1,1,-1.052000046
544,12-046,U/N Reef,-12.1717,143.8052,1,1,1,-0.917999983
545,12-047,U/N Reef,-12.1943,143.7908,1,1,0,-11.81799984
546,12-048,U/N Reef,-12.1941,143.7806,1,1,1,-0.774999976
547,12-049,U/N Reef,-12.2049,143.8103,1,0,1,-7.980000019
548,12-050,U/N Reef,-12.2101,143.822,1,0,NA,NA
549,12-051,U/N Reef,-12.2084,143.7943,1,0,1,-0.936999977
550,12-052a,William Reef (East),-12.2222,143.853,1,0,1,-4.568999767
551,12-052b,William Reef (West),-12.221,143.8499,1,0,1,-5.997000217
552,12-053,Henry Reef,-12.2226,143.8192,1,0,1,-1.120000005
553,12-054,Lloyds Reef,-12.2405,143.8742,1,0,1,-2.838999987
554,12-055a,U/N Reef,-12.2429,143.8996,1,0,1,-1.35800004
555,12-055b,U/N Reef,-12.2469,143.8903,1,0,1,-1.159000039
556,12-056,Mantis Reef,-12.288,143.8982,1,0,1,-0.005
557,12-057,U/N Reef,-12.315,143.6431,1,1,NA,NA
558,12-058,Ferguson Reef,-12.3404,143.827,1,0,1,-0.535000026
559,12-059,U/N Reef,-12.3641,143.7912,1,0,1,-0.625
560,12-060,U/N Reef,-12.3815,143.6105,1,1,0,-14.9090004
561,12-061,Lagoon Reef,-12.3844,143.7571,1,0,1,-0.428000003
562,12-062,U/N Reef,-12.4118,143.7471,1,0,1,-0.648999989
563,12-063,U/N Reef,-12.4119,143.7664,1,0,1,-1.965000033
564,12-064,U/N Reef,-12.4026,143.6334,1,0,NA,NA
565,12-065,U/N Reef,-12.4226,143.568,1,0,1,-1.138000011
566,12-066,U/N Reef,-12.4168,143.6321,1,0,0,-17.5
567,12-067,Northern Small Detached Reef,-12.4151,143.8464,1,0,1,-0.391000003
568,12-068,U/N Reef,-12.4371,143.7513,1,0,1,-0.712000012
569,12-069,U/N Reef,-12.4656,143.7627,1,0,1,-0.510999978
570,12-070,U/N Reef,-12.4835,143.7587,1,0,1,-0.721000016
571,12-071,U/N Reef,-12.4888,143.7714,1,0,1,-0.774999976
572,12-072,Middle Reef,-12.5189,143.3901,1,0,1,-0.294
573,12-073,Pigeon Reef,-12.5131,143.2902,1,1,1,-0.187999994
574,12-075,U/N Reef,-12.5556,143.3226,1,1,1,0.247999996
575,12-076,Rocky Island Reef,-12.5863,143.3901,1,0,1,-0.009
576,12-077,U/N Reef,-12.6125,143.4349,1,0,1,-0.012
577,12-078,Restoration Island Reef,-12.6233,143.4467,1,0,1,0.246000007
578,12-080,U/N Reef,-12.6488,143.4181,1,0,1,0.412
579,12-081,Edward Shoal,-12.6584,143.4499,1,0,1,-1.802000046
580,12-082,U/N Reef,-12.6624,143.4223,1,0,NA,NA
581,12-083,U/N Reef,-12.7118,143.3956,1,0,1,0.446999997
582,12-084,Lloyd Island Reef,-12.7546,143.3976,1,0,1,-0.009
583,12-085,Hazelgrove Reefs,-12.7551,143.4815,1,0,1,-0.550000012
584,12-086,May Reef,-12.7782,143.4662,1,0,1,-0.192000002
585,12-087,U/N Reef,-12.7775,143.3689,1,0,1,0.200000003
586,12-088,Sunter Reef,-12.7801,143.4126,1,0,1,-0.551999986
587,12-089,Exit Reef,-12.7833,143.4867,1,0,1,-0.596000016
588,12-091,Waight Bank,-12.8111,143.4417,1,0,NA,NA
589,12-092,U/N Reef,-12.5191,143.7709,1,0,1,-0.911000013
590,12-093,Bunker Reef,-12.5202,143.6049,1,0,1,-0.537999988
591,12-094,Long Sandy Reef,-12.5345,143.7937,1,0,1,-0.122000001
592,12-095,U/N Reef,-12.5686,143.7783,1,0,1,-0.016000001
593,12-122,Sunk Reef,-12.848,143.6458,1,0,1,-4.051000118
594,12-123,U/N Reef,-12.8683,143.7939,1,0,NA,NA
595,12-124,U/N Reef,-12.8788,143.5983,1,0,1,-0.86500001
596,12-125,Rocky Island Reef,-12.8864,143.5499,1,0,1,-0.226999998
597,12-126,Frederick Patches,-12.8786,143.6265,1,0,1,-7.93900013
598,12-127,U/N Reef,-12.8938,143.8199,1,0,1,-0.104999997
599,12-129,Chapman Reef,-12.8868,143.6001,1,0,1,0.206
600,12-130,U/N Reef,-12.9339,143.7685,1,0,0,-16.50499916
601,12-131,U/N Reef,-12.9214,143.5173,1,0,1,0.197999999
602,12-132,Allen Reef,-12.9271,143.5384,1,0,1,-1.284000039
603,12-133,U/N Reef,-12.9291,143.6536,1,0,1,-1.103999972
604,12-134,U/N Reef,-12.9337,143.824,1,0,1,-0.009
605,12-135,U/N Reef,-12.9485,143.8166,1,0,1,-0.910000026
606,12-136,Hammond Reef,-12.9408,143.5475,1,0,1,-2.910000086
607,12-137,U/N Reef,-12.9654,143.8286,1,0,1,-0.537
608,12-138,U/N Reef,-12.9651,143.551,1,0,1,-2.160000086
609,12-139,U/N Reef,-12.9519,143.6927,1,0,1,-2.266000032
610,12-141,U/N Reef,-12.9842,143.8293,1,0,1,-4.843999863
611,12-102,Curd Reef,-12.5814,143.5492,1,0,1,-0.165000007
612,12-103,U/N Reef,-12.6174,143.8124,1,0,1,-6.153999805
613,12-104,Log Reef (North),-12.6345,143.8357,1,0,1,-0.591000021
614,12-105,Burke Reef,-12.6328,143.5634,1,0,1,-0.681999981
615,12-106,Tannadice Shoal,-12.662,143.5245,1,0,1,-6.302000046
616,12-107,Log Reef (South),-12.6845,143.8444,1,0,1,-0.600000024
617,12-108,U/N Reef,-12.6958,143.8136,1,0,1,-1.123999953
618,12-109,U/N Reef,-12.6911,143.8225,1,0,1,-1.029999971
619,12-110,U/N Reef,-12.7054,143.8105,1,0,1,-0.88499999
620,12-111,First Small Reef,-12.7218,143.8079,1,0,1,-0.646000028
621,12-112,Ape Reef,-12.6961,143.6197,1,0,1,-0.056000002
622,12-113,U/N Reef,-12.746,143.7923,1,0,1,-0.952000022
623,12-114,U/N Reef,-12.7575,143.8134,1,0,1,-0.002
624,12-115,Zenith Reef,-12.7682,143.613,1,0,1,-0.208000004
625,12-116,U/N Reef,-12.7976,143.8024,1,0,1,-0.880999982
626,12-118,Bligh Reef,-12.8327,143.8356,1,0,1,-0.005
627,12-119,Wye Reef,-12.8101,143.6153,1,0,1,-0.071999997
628,12-120,Lansdown Reef,-12.815,143.546,1,0,1,-3.220999956
629,12-121,U/N Reef,-12.8394,143.7447,1,0,1,-0.981000006
630,13-036,Throne Shoals,-13.2386,143.7395,1,0,1,-0.843999982
631,13-037,U/N Reef,-13.25,143.9349,1,0,1,-3.588000059
632,13-038,U/N Reef,-13.2575,143.6907,1,0,1,-4.328000069
633,13-040,U/N Reef,-13.2741,143.9464,1,0,1,-0.874000013
634,13-041,Celebration Reef,-13.2761,143.6936,1,0,1,-0.672999978
635,12-142,U/N Reef,-12.9947,143.7239,1,0,1,-7.423999786
636,12-143,Cat Reef,-12.9976,143.8496,1,0,1,-0.008
637,12-144,U/N Reef,-12.9855,143.5341,1,0,1,-2.502000093
638,12-145,Sherrard Reef,-12.9896,143.6144,1,0,1,-0.013
639,12-146,U/N Reef,-12.995,143.6884,1,0,1,-3.10800004
640,12-148,U/N Reef,-12.9735,143.6544,1,0,1,-2.828000069
641,12-149,U/N Reef,-12.5089,143.7684,1,0,1,-1.843999982
642,12-150,U/N Reef,-12.1636,143.8072,1,1,1,-9.43200016
643,12-151,U/N Reef,-12.0311,143.8871,1,1,1,-3.976999998
644,12-152,U/N Reef,-12.0333,143.8972,1,1,1,-2.410000086
645,12-038c,U/N Reef,-12.0611,143.9257,1,0,1,-1.281000018
646,12-154,U/N Reef,-12.0465,143.9301,1,1,1,-1.368000031
647,13-001,U/N Reef,-13.0238,143.7915,1,0,0,-15.41300011
648,13-002,Derry Reef,-13.0225,143.8589,1,0,1,-0.155000001
649,13-004,Wasp Reef,-13.0297,143.5399,1,0,1,-1.294999957
650,13-005,Ham Reef,-13.0385,143.8717,1,0,1,-0.015
651,13-006,Osborne Reef,-13.0418,143.6262,1,0,1,-0.284999996
652,13-007,U/N Reef,-13.0321,143.5135,1,0,1,0.203999996
653,13-008,MacNamara Patch,-13.0514,143.6431,1,0,1,-7.09800005
654,13-009,Wilsen Shoal,-13.0533,143.8665,1,0,1,-8.31099987
655,13-010a,U/N Reef,-13.0615,143.8795,1,0,NA,NA
656,13-010b,U/N Reef,-13.0661,143.8825,1,0,NA,NA
657,13-011,U/N Reef,-13.0664,143.819,1,0,0,-14.69900036
658,13-012,Stork Reef,-13.0649,143.5563,1,0,1,0.200000003
659,13-013,U/N Reef,-13.0765,143.5241,1,0,1,-2.118999958
660,13-014,U/N Reef,-13.0705,143.6972,1,0,1,-0.999000013
661,13-015,Franklin Reef,-13.0758,143.8979,1,0,1,-1.065000057
662,13-016a,U/N Reef,-13.0793,143.9161,1,0,1,-8.090999603
663,13-016b,U/N Reef,-13.083,143.9216,1,0,1,-9.93999958
664,13-017a,U/N Reef,-13.0764,143.9382,1,0,1,-8.5
665,13-017b,U/N Reef,-13.0793,143.929,1,0,1,-1.370000005
666,13-017c,U/N Reef,-13.0793,143.9343,1,0,1,-8.116000175
667,13-019,U/N Reef,-13.1106,143.5083,1,0,1,0.189999998
668,13-020,Sykes Reef,-13.1089,143.5581,1,0,NA,NA
669,13-021,Colclough Reef,-13.1072,143.7237,1,0,1,-1.008999944
670,13-022,New Reef,-13.1112,143.6579,1,0,1,-0.769999981
671,13-023,Dart Shoal,-13.1387,143.7486,1,0,0,-17.35300064
672,13-024,Glennie Reef,-13.1521,143.6421,1,0,1,-0.64200002
673,13-025,Waterwitch Reef,-13.151,143.6158,1,0,1,-0.776000023
674,13-026,Gertrude Reef,-13.1622,143.6608,1,0,1,-1.723999977
675,13-027,Jubilee Reef,-13.1697,143.762,1,0,1,-0.052000001
676,13-028,Tijou Reef,-13.1596,143.9591,1,0,1,-0.001
677,13-029,U/N Reef,-13.1712,143.5225,1,0,1,0.054000001
678,13-030,U/N Reef,-13.1766,143.5508,1,0,1,-0.774999976
679,13-031,Night Reef,-13.1837,143.5739,1,0,1,0.129999995
680,13-032,Diamond Reign Reefs,-13.2045,143.6945,1,0,1,-1.264999986
681,13-033,U/N Reef,-13.1961,143.8765,1,0,1,-6.159999847
682,13-034,Binstead Reef,-13.218,143.5706,1,0,1,0.066
683,13-035,U/N Reef,-13.1864,143.8101,1,0,NA,NA
684,17-014,Hedley Reef,-17.2286,146.4837,1,1,1,-0.855000019
685,17-015,Jackson Patches,-17.2795,146.3029,1,1,1,-8.628000259
686,18-016,Virginia Chadwick Reef,-18.004,146.8386,1,1,1,-1.082999945
687,18-017,Reg Ward Reef,-18.032,146.7851,1,1,1,-1.348999977
688,18-018,Otter Reef,-18.0522,146.5589,1,1,1,-1.029999971
689,16-020a,Undine Reef (West),-16.1234,145.6872,1,1,1,-0.43900001
690,16-020b,Undine Reef (East),-16.1172,145.7754,1,1,1,-0.981999993
691,16-022a,U/N Reef,-16.1743,145.6453,1,1,1,-7.383999825
692,16-022b,U/N Reef,-16.184,145.6371,1,1,1,-4.972000122
693,16-023,Rudder Reef,-16.1922,145.6934,1,1,1,-0.50999999
694,16-024,Chinaman Reef,-16.2131,145.7916,1,1,1,-0.825999975
695,16-071,Moore Reef,-16.8743,146.213,1,1,1,-0.296000004
696,16-072,North West Reef,-16.8769,146.3889,1,1,1,-5.051000118
697,16-073,Elford Reef,-16.9116,146.2486,1,1,1,-0.526000023
698,16-074,Briggs Reef,-16.938,146.2067,1,1,1,-0.846000016
699,16-075,Channel Reef,-16.9447,146.4448,1,1,1,-0.94599998
700,16-076,U/N Reef,-16.9692,146.4844,1,1,NA,NA
701,17-016a,McCulloch Reef (No 1),-17.2879,146.4417,1,1,1,-0.989000022
702,17-016b,McCulloch Reef (No 2),-17.275,146.4657,1,1,1,-7.077000141
703,17-017,Gibson Reef,-17.302,146.3596,1,1,1,-0.762000024
704,17-018a,Howie Reef,-17.3939,146.3851,1,1,1,-0.796999991
705,18-019,Barnett Patches,-18.0601,146.8531,1,1,1,-0.806999981
706,18-020,Duncan Reef,-18.0837,146.7866,1,1,1,-1.042999983
707,18-021,U/N Reef,-18.1066,146.7482,1,1,1,-1.957999945
708,18-022,Felicity Wishart Reef,-18.117,146.7663,1,1,1,-1.072000027
709,16-025,Opal Reef,-16.2209,145.8897,1,1,1,-0.495999992
710,16-026,Tongue Reef,-16.3209,145.7926,1,1,1,-0.552999973
711,16-027,U/N Reef,-16.352,145.7649,1,1,1,-1.123000026
712,16-028,Low Islands Reef,-16.3863,145.5643,1,1,1,0.300999999
713,16-077,U/N Reef,-16.976,146.4488,1,1,0,-12.31000042
714,16-078,U/N Reef,-16.9853,146.4848,1,1,NA,NA
715,16-079,Outer Shoal,-16.9936,146.5151,1,1,0,-12.19699955
716,16-080,Korea Reef,-16.5548,145.5531,1,1,1,-2.444000006
717,16-081,Yule Reef,-16.56,145.5302,1,1,1,-1.45599997
718,16-082,Garioch Reef,-16.5937,145.532,1,1,1,-1.118000031
719,16-083,U/N Reef,-16.0825,145.4722,1,1,1,-0.097000003
720,16-084,U/N Reef,-16.0842,145.4704,1,1,1,-0.055
721,17-018b,Arthur Patches,-17.3875,146.3393,1,1,1,-3.621999979
722,17-020a,U/N Reef,-17.4458,146.4789,1,1,1,-8.142999649
723,17-020b,U/N Reef,-17.429,146.4604,1,1,0,-14.90799999
724,17-021a,U/N Reef,-17.454,146.4548,1,1,1,-6.492000103
725,17-021b,U/N Reef,-17.448,146.463,1,1,NA,NA
726,17-023,Cayley Reef,-17.4768,146.4572,1,1,1,-0.742999971
727,18-023,U/N Reef,-18.1335,146.9667,1,1,1,-1.098999977
728,18-024,Britomart Reef,-18.2298,146.7215,1,1,1,-1.202999949
729,18-025,U/N Reef,-18.261,146.8981,1,1,1,-0.880999982
730,16-029,Batt Reef,-16.4141,145.7675,1,1,1,-0.430999994
731,16-030,Norman Reef,-16.4281,145.9967,1,1,1,-0.768999994
732,16-031,Satellite Reef,-16.4405,145.6873,1,1,1,-6.507999897
733,16-032,Saxon Reef,-16.4651,145.9903,1,1,1,-0.870999992
734,16-033,Linden Bank,-16.3065,146.0025,1,1,0,-18.85000038
735,16-034,Spur Reef,-16.4046,146.0461,1,1,1,-5.52699995
736,16-085,U/N Reef,-16.0876,145.4689,1,1,1,-0.004
737,16-086,U/N Reef,-16.2063,145.4584,1,1,NA,NA
738,16-087,U/N Reef,-16.2461,145.4763,1,1,NA,NA
739,16-088,U/N Reef,-16.3532,145.4232,1,1,NA,NA
740,17-024,Peart Reef,-17.4823,146.3911,1,1,1,-0.86500001
741,17-025,U/N Reef,-17.1002,146.4934,1,1,1,-4.855999947
742,17-026,U/N Reef,-17.139,146.5706,1,1,0,-19.03100014
743,17-027,Raaf Shoals,-17.191,146.5418,1,1,0,-11.33100033
744,17-028,Publican Shoals (North),-17.266,146.5458,1,1,1,-5.706999779
745,17-029a,Mustard Patches (North),-17.2619,146.6087,1,1,0,-15.91600037
746,17-029b,Mustard Patches (South),-17.2864,146.6104,1,1,1,-9.871999741
747,18-026,Walker Reef,-18.325,146.7446,1,1,1,-0.980000019
748,18-027,Trunk Reef,-18.3541,146.8318,1,1,1,-1.246999979
749,18-028,U/N Reef,-18.3866,146.7626,1,1,NA,NA
750,18-029,Bramble Reef,-18.4082,146.7062,1,1,1,-1.097000003
751,18-030,Kelso Reef,-18.4365,146.9901,1,1,1,-1.552000046
752,18-031,Little Kelso Reef,-18.4691,146.9931,1,1,1,-1.018000007
753,16-035,Onyx Reef,-16.4392,146.0662,1,1,1,-8.392000198
754,16-036,Nicholas Reef,-16.4935,146.1013,1,1,1,-7.505000114
755,16-037,Wentworth Reef,-16.5172,145.5234,1,1,1,-1.271000028
756,16-038,Egmont Reef,-16.5225,145.5365,1,1,1,-2.937000036
757,16-039a,Alexandra Reefs (No 1),-16.5317,145.4974,1,1,1,0.30399999
758,16-039b,Alexandra Reefs (No 2),-16.5591,145.5073,1,1,1,0.30399999
759,16-040,Pixie Reef,-16.547,145.8625,1,1,1,-0.685000002
760,16-041,Jorgensen Patch,-16.5433,145.9533,1,1,1,-5.736000061
761,16-089,U/N Reef,-16.6076,145.5318,1,1,1,-0.033
762,16-090,U/N Reef,-16.6159,145.539,1,0,1,-0.563000023
763,16-091,U/N Reef,-16.6877,145.5845,1,0,NA,NA
764,16-092,U/N Reef,-16.695,145.607,1,1,NA,NA
765,16-093,U/N Reef,-16.7055,145.629,1,0,NA,NA
766,16-095,U/N Reef,-16.8653,145.9155,1,1,1,-0.88499999
767,17-030,Publican Shoals (South),-17.3102,146.544,1,1,1,-5.553999901
768,17-031,U/N Reef,-17.3542,146.5346,1,1,1,-6.879000187
769,17-032,Wardle Reef,-17.4205,146.551,1,1,1,-0.838999987
770,17-033,U/N Reef,-17.4428,146.5092,1,1,1,-5.230999947
771,17-034,Feather Reef,-17.5329,146.3772,1,1,1,-0.495000005
772,17-035,Nathan Reef,-17.5247,146.5178,1,1,1,-0.788999975
773,15-059b,U/N Reef,-15.7748,145.3673,1,1,1,-0.061000001
774,15-060,Ottaway Patch,-15.7069,145.4295,1,1,NA,NA
775,15-061,Stonor Patch,-15.7063,145.4385,1,1,NA,NA
776,15-062,Delius Patch,-15.7099,145.405,1,1,NA,NA
777,15-063,Gubbins Reef,-15.7095,145.3954,1,1,1,-1.378999949
778,16-042,Breaking Patches,-16.5816,145.9802,1,1,1,-1.69599998
779,16-043a,Oyster Reef,-16.64,145.9328,1,1,1,-0.90200001
780,16-043b,U/N Reef,-16.6178,145.9485,1,1,1,-6.715000153
781,16-044a,U/N Reef,-16.6464,145.9728,1,1,1,-5.93200016
782,16-044b,Vlasoff Reef,-16.6552,145.9927,1,1,1,-0.272000015
783,16-045a,Unity Reef (No 1),-16.6575,145.571,1,1,NA,NA
784,16-045b,Unity Reef (No 2),-16.6546,145.5814,1,1,NA,NA
785,16-096,U/N Reef,-16.8645,145.9169,1,1,1,-2.10800004
786,16-097,U/N Reef,-16.864,145.9185,1,1,NA,NA
787,16-098,U/N Reef,-16.8648,145.9212,1,0,NA,NA
788,16-099,U/N Reef,-16.8655,145.9256,1,1,NA,NA
789,17-037,Hall-Thompson Reef,-17.6094,146.4572,1,1,1,-0.796999991
790,17-038,Surprise Shoal,-17.6077,146.4188,1,1,0,-12.07400036
791,17-039,NA,-17.6409,146.144,0,1,NA,NA
792,17-040,Lindquist Reef,-17.6543,146.1581,1,1,1,-0.064999998
793,17-041,Goudge Bank,-17.6623,146.3822,1,1,0,-14.77099991
794,15-064,Hope Islands Reef (West),-15.7386,145.4396,1,1,1,-0.057
795,15-065,Hope Islands Reef (East),-15.733,145.4578,1,1,1,-0.012
796,15-066,U/N Reef,-15.9401,145.4005,1,1,1,0.270000011
797,15-067,U/N Reef,-15.919,145.3683,1,1,1,0.159999996
798,16-046,Upolu Reef,-16.6743,145.9369,1,1,1,-1.083999991
799,16-047,Double Island Reef,-16.7295,145.6839,1,1,1,-0.028000001
800,16-100,U/N Reef,-16.8683,145.9301,1,0,NA,NA
801,16-102,U/N Reef,-16.8706,145.9322,1,0,NA,NA
802,16-103,U/N Reef,-16.8726,145.9338,1,0,NA,NA
803,16-104,U/N Reef,-16.874,145.9347,1,0,NA,NA
804,17-042,Adelaide Reef,-17.6538,146.4713,1,1,1,-0.677999973
805,17-043a,Jessie-Kent Reef,-17.6745,146.1767,1,1,1,-0.044
806,17-043b,Bresnahan Reef,-17.6672,146.169,1,1,1,-0.045000002
807,17-043c,Hutchison Reef,-17.6742,146.1691,1,1,1,-0.02
808,17-044,Ellison Reef,-17.7223,146.3936,1,1,1,-0.691999972
809,15-068,Lake Reef,-15.9163,145.3946,1,1,NA,NA
810,15-069,U/N Reef,-15.9933,145.4363,1,1,1,0.247999996
811,15-070,Vicki Harriott Reef,-15.5025,145.6164,1,1,1,-0.463999987
812,15-071a,U/N Reef,-15.5127,145.5342,1,1,1,-0.85799998
813,15-071b,U/N Reef,-15.5057,145.5461,1,1,1,-1.174999952
814,15-071c,U/N Reef,-15.5105,145.5702,1,1,1,-0.883000016
815,15-072,U/N Reef,-15.515,145.7791,1,1,1,-0.976000011
816,15-073,U/N Reef,-15.5294,145.7811,1,1,1,-0.504999995
817,15-074,U/N Reef,-15.5353,145.6409,1,1,1,-2.621999979
818,16-048,Haycock Reef,-16.7342,145.6878,1,1,1,-0.453000009
819,16-105,U/N Reef,-16.8754,145.9361,1,0,NA,NA
820,16-106,U/N Reef,-16.8784,145.9393,1,0,NA,NA
821,16-107,U/N Reef,-16.8816,145.9434,1,0,NA,NA
822,16-108,U/N Reef,-16.8902,145.9512,1,1,1,-1.133999944
823,17-045,U/N Reef,-17.7248,146.1066,1,1,1,-0.024
824,17-046,Sisters-Stephens Reef,-17.747,146.1561,1,1,1,0.111000001
825,17-047,Eddy Reef,-17.7745,146.4349,1,1,1,-1.018000007
826,17-048,King Reefs,-17.7706,146.1238,1,1,1,0.358999997
827,17-049,U/N Reef,-17.8107,146.1046,1,1,1,0.118000001
828,17-050,U/N Reef,-17.8341,146.1028,1,1,1,0.059999999
829,15-075a,Ribbon No 2 Reef (No 1),-15.5572,145.7962,1,1,1,0.001
830,15-075b,Ribbon No 2 Reef (No 2),-15.5384,145.781,1,1,1,-4.754000187
831,15-075c,Ribbon No 2 Reef (No 3),-15.5732,145.7783,1,1,1,-1.514999986
832,15-076,U/N Reef,-15.5611,145.5934,1,1,1,-1.832999945
833,15-077,U/N Reef,-15.5584,145.6495,1,1,1,-0.563000023
834,15-078,Osterlund Reef,-15.5563,145.5322,1,1,1,-0.532000005
835,15-079,U/N Reef,-15.595,145.7678,1,1,1,-3.640000105
836,16-049,Green Island Reef,-16.7671,145.9987,1,1,1,-0.022
837,16-051b,Rocky Island Reef,-16.8867,145.8945,1,1,1,-0.123999998
838,16-109,U/N Reef,-16.8911,145.9545,1,0,NA,NA
839,16-110,U/N Reef,-16.894,145.956,1,1,NA,NA
840,16-111,U/N Reef,-16.9364,145.934,1,0,1,-0.717000008
841,16-112,U/N Reef,-16.9546,145.926,1,1,1,-0.505999982
842,16-113,U/N Reef,-16.9727,145.9081,1,1,1,-0.824999988
843,17-051,Beaver Reef,-17.8496,146.4836,1,1,1,-0.620000005
844,17-052,U/N Reef,-17.8559,146.1168,1,1,1,0.152999997
845,17-053,Stingaree Reefs,-17.9516,146.1511,1,1,1,0.158000007
846,17-054,U/N Reef,-17.964,146.139,1,1,1,-4.290999889
847,17-055,Thorpe (Timana) Reef,-17.9766,146.1358,1,1,1,-0.044
848,15-080,Ribbon No 1 Reef,-15.6058,145.8051,1,1,1,-0.050999999
849,15-081,Rosser Reef,-15.6073,145.5151,1,1,1,0.015
850,15-082,Emily Reef,-15.606,145.6263,1,1,1,-0.629999995
851,15-083,Gill Patches,-15.63,145.5081,1,1,1,-7.460999966
852,15-084,Irene Reef,-15.6476,145.7151,1,1,1,-0.68599999
853,15-085,Lena Reef,-15.6465,145.808,1,1,1,-0.007
854,16-051a,Rocky Island Reef,-16.8835,145.8947,1,1,1,-0.185000002
855,16-052,U/N Reef,-16.8998,145.9563,1,1,NA,NA
856,16-053,U/N Reef,-16.9084,145.9486,1,1,1,-1.174000025
857,16-054a,Fitzroy Island Reef (No 1),-16.9249,145.9936,1,1,1,-0.875
858,16-800,U/N Reef,-16.6045,146.0754,1,1,NA,NA
859,16-801,U/N Reef,-16.9944,145.8998,1,1,1,-0.208000004
860,17-001a,Sudbury Reef (No 1),-16.9984,146.205,1,1,1,-0.64200002
861,17-056,U/N Reef,-17.9694,146.0997,1,1,1,0.041999999
862,17-057,Gilbey Reef,-17.5805,146.5783,1,1,1,-1.02699995
863,17-058,Armistice Reef,-17.6696,146.7154,1,1,1,-4.644999981
864,17-059a,Potter Reef (No 1),-17.6975,146.5444,1,1,1,-0.790000021
865,17-059b,Potter Reef (No 2),-17.7247,146.5545,1,1,1,-8.272000313
866,17-059c,Potter Reef (No 3),-17.6941,146.5721,1,1,1,-1.83099997
867,15-086,Cairns Reef,-15.6723,145.5087,1,1,1,-0.178000003
868,15-087,Pearl Reef,-15.7188,145.8004,1,1,1,-0.395000011
869,15-088,Ruby Reef,-15.7498,145.7808,1,1,1,-0.151999995
870,15-089,Endeavour Reef,-15.7766,145.5818,1,1,1,-0.474999994
871,15-090,Andersen Reef,-15.7893,145.8032,1,1,1,-0.057
872,15-091a,U/N Reef,-15.8114,145.7752,1,1,1,-6.041999817
873,15-091b,U/N Reef,-15.8223,145.773,1,1,1,-1.184999943
874,15-092,Rachel Carson Reef,-15.8297,145.8194,1,1,1,-0.061999999
875,16-054b,Fitzroy Island Reef (No 2),-16.933,145.9847,1,1,1,-1.85800004
876,16-054c,U/N Reef,-16.9346,145.9829,1,1,1,-2.786000013
877,16-054d,U/N Reef,-16.9318,145.9862,1,1,1,-9.23900032
878,16-054e,U/N Reef,-16.9317,145.9875,1,1,1,-1.824000001
879,16-054f,U/N Reef,-16.9414,145.9885,1,1,1,-0.456999987
880,17-001b,Sudbury Reef (No 2),-16.9505,146.1951,1,1,1,-6.741000175
881,17-001c,Sudbury Reef (No 3),-16.9529,146.2169,1,1,1,-6.638999939
882,17-001d,Sudbury Reef (No 4),-16.9985,146.211,1,1,1,-7.519999981
883,17-002a,Stagg Patches (North),-17.0124,146.1287,1,1,1,-9.206000328
884,17-002b,Stagg Patches (South),-17.0205,146.1312,1,1,0,-10.13300037
885,17-003a,Hervey Shoals (North),-16.999,146.4559,1,1,0,-11.38300037
886,17-003b,Hervey Shoals (South),-17.0374,146.4614,1,1,0,-11.00500011
887,17-004,Scott Reef,-17.0736,146.185,1,1,1,-0.565999985
888,17-060,U/N Reef,-17.7385,146.502,1,1,1,-1.32099998
889,17-061,U/N Reef,-17.7504,146.5084,1,1,1,-1.110000014
890,17-062,Noreaster Reef,-17.7795,146.6506,1,1,1,-1.019000053
891,17-063a,Farquharson Reef (No 1),-17.7909,146.5169,1,1,1,-0.811999977
892,17-063b,Farquharson Reef (No 2),-17.7564,146.5424,1,1,1,-8.520999908
893,15-093,Pickersgill Reef,-15.8728,145.5744,1,1,1,-0.130999997
894,15-094,Escape Reef,-15.8772,145.7963,1,1,1,0.002
895,15-095,Evening Reef,-15.9052,145.6568,1,1,1,-0.493999988
896,15-096,Agincourt Reefs (No 4),-15.9499,145.8208,1,1,1,-0.005
897,16-054g,U/N Reef,-16.9338,146.0017,1,1,1,-0.232999995
898,16-055,Little Fitzroy Island Reef,-16.923,146.0059,1,1,1,-0.316000015
899,17-005,Stevens Reef,-17.0989,146.4105,1,1,1,-1.103999972
900,17-006,Maori Reef,-17.0943,146.3447,1,1,1,-0.805999994
901,17-007,U/N Reef,-17.1212,146.4213,1,1,1,-9.795999527
902,17-008,Noggin Reef,-17.1263,146.4686,1,1,1,-0.671000004
903,17-064,Taylor Reef,-17.8329,146.5495,1,1,1,-0.127000004
904,17-065,Bob Endean Reef,-17.8764,146.7271,1,1,1,-0.884000003
905,17-066,Yamacutta Reef,-17.8885,146.5863,1,1,1,-1.144999981
906,17-067,U/N Reef,-17.9694,146.6004,1,1,1,-4.860000134
907,15-098,Morning Reef,-15.9755,145.6651,1,1,1,-0.912
908,15-099a,Agincourt Reefs (No 3),-15.9898,145.8322,1,1,1,-0.483999997
909,15-099b,Agincourt Reefs (No 2a),-16.0178,145.8509,1,1,1,-0.550999999
910,15-099c,Agincourt Reefs (No 1),-16.052,145.8674,1,1,1,-0.351999998
911,15-099d,Agincourt Reefs (No 5),-16.0352,145.8352,1,1,1,-0.992999971
912,15-099e,Agincourt Reefs (No 2b),-16.0301,145.8584,1,1,1,-0.583999991
913,15-800,U/N Reef,-15.4466,145.6928,1,1,1,-5.513000011
914,15-801,U/N Reef,-15.5179,145.6556,1,1,1,-7.190999985
915,16-001,U/N Reef,-16.0287,145.4573,1,1,1,0.270999998
916,16-056,U/N Reef,-16.9817,145.9019,1,1,1,-0.039000001
917,16-057,Hastings Reef,-16.5184,146.0081,1,1,1,-0.726999998
918,17-009a,Tobias Spit,-17.1579,146.0102,1,1,1,-0.017000001
919,17-068,Moss Reef,-17.9456,146.7947,1,1,1,-1.131999969
920,17-069,Peter Arnold Reef,-17.9949,146.7686,1,1,1,-1.246999979
921,17-070,U/N Reef,-17.7733,146.1569,1,1,1,-0.566999972
922,17-071,U/N Reef,-17.8941,146.8216,1,1,1,-9.807999611
923,17-072,U/N Reef,-17.1494,146.4846,1,1,0,-12.56499958
924,17-073,U/N Reef,-17.5663,146.6814,1,1,1,-7.883999825
925,17-074,U/N Reef,-17.0016,145.898,1,0,1,-0.030999999
926,17-075,U/N Reef,-17.0047,145.8995,1,1,1,-0.340000004
927,16-002,U/N Reef,-16.0712,145.469,1,1,1,0.153999999
928,16-003,U/N Reef,-16.104,145.4644,1,1,1,0.136999995
929,16-004,Struck Reef,-16.1673,145.4459,1,1,NA,NA
930,16-005,Black Rock Reef,-16.2444,145.4858,1,1,NA,NA
931,16-058,Hope Reef,-16.5271,146.1296,1,1,1,-9.93900013
932,16-059,U/N Reef,-16.5676,146.0014,1,1,1,-6.47300005
933,16-060,Michaelmas Reef,-16.5819,146.019,1,1,1,-0.488999993
934,16-061,Fin Reef,-16.6089,146.164,1,1,0,-12.31799984
935,16-062a,Pretty Patches (No 1),-16.6433,146.0229,1,1,1,-6.59100008
936,17-010,Flora Reef,-17.1848,146.2909,1,1,1,-0.620999992
937,17-011,Coates Reef,-17.1971,146.3686,1,1,1,-0.796999991
938,17-012,Normanby-Mabel Reef,-17.2095,146.077,1,1,1,-0.01
939,17-076,U/N Reef,-17.008,145.9001,1,1,1,-0.122000001
940,18-001,Richards (Bedarra) Reef,-18.0079,146.1519,1,1,1,0.003
941,18-003,Wheeler (Toolgbar) Island Reef,-18.0255,146.1663,1,1,1,-0.046999998
942,18-004,Coombe Reef,-18.0398,146.1763,1,1,1,-0.108999997
943,18-005,Smith-Bowden Reef,-18.0402,146.1996,1,1,1,-0.142000005
944,16-006,Snapper Reef,-16.2983,145.4997,1,1,1,-0.022
945,16-007,U/N Reef,-16.3622,145.4257,1,1,NA,NA
946,16-008a,U/N Reef,-16.4029,145.4268,1,1,NA,NA
947,16-062b,Pretty Patches (No 2),-16.6241,146.042,1,1,1,-2.436000109
948,16-062c,Pretty Patches (No 3),-16.6464,146.0356,1,1,1,-6.289000034
949,16-063,Euston Reef,-16.687,146.2523,1,1,1,-1.029000044
950,16-064,Arlington Reef,-16.6947,146.0548,1,1,1,-0.606999993
951,16-065,Flynn Reef,-16.7287,146.2746,1,1,1,-0.746999979
952,17-012b,Jones Patch,-17.2199,146.0775,1,1,0,-11.28899956
953,17-013,Round-Russell Reef,-17.2244,146.0913,1,1,1,-0.008
954,18-006,Hudson (Coolah) Reef,-18.0509,146.2028,1,1,1,-0.586000025
955,18-007,Kennedy Shoal,-18.0786,146.4506,1,1,1,-9.835000038
956,18-008,Brook Islands Reef,-18.1487,146.2906,1,1,1,0.008
957,18-009,Brook Shoal,-18.1561,146.2672,1,1,NA,NA
958,16-008b,U/N Reef,-16.4071,145.4199,1,1,NA,NA
959,16-009a,U/N Reef,-16.4484,145.4145,1,1,1,0.275000006
960,16-009b,U/N Reef,-16.4245,145.419,1,1,NA,NA
961,16-010,Morey Reef,-16.4733,145.4468,1,1,1,0.268000007
962,16-011,U/N Reef,-16.0067,145.7638,1,1,1,-2.756000042
963,16-012a,Spitfire Reefs (West),-16.0091,145.6198,1,1,1,-7.642000198
964,16-012b,Spitfire Reefs (East),-16.0148,145.6352,1,1,1,-5.427000046
965,16-013a,U/N Reef,-16.0189,145.7937,1,1,1,-1.125
966,16-013b,U/N Reef,-16.0192,145.8081,1,1,1,-1.235999942
967,16-066a,Jenny Louise Shoal (North),-16.7341,146.3258,1,1,0,-17.20999908
968,16-066b,Jenny Louise Shoal (South),-16.7538,146.342,1,1,0,-14.26299953
969,16-067,Milln Reef,-16.7784,146.2654,1,1,1,-0.690999985
970,16-068,Thetford Reef,-16.803,146.1809,1,1,1,-0.727999985
971,16-069,Baines Patches,-16.8052,146.3543,1,1,1,-9.18999958
972,16-070,Pellowe Reef,-16.8575,146.3577,1,1,1,-0.757000029
973,18-010,Goold Reef,-18.1671,146.1588,1,1,1,0.263000011
974,18-011,Garden Reef,-18.1822,146.1452,1,1,1,-0.013
975,18-013,Eva Reef,-18.2355,146.3235,1,1,1,-0.108000003
976,18-014,Hinchinbrook Reef,-18.3586,146.3158,1,1,1,0.26699999
977,18-015,Agnes Reef,-18.3553,146.3282,1,1,1,0.268000007
978,16-013c,U/N Reef,-16.0341,145.8077,1,1,1,-5.585999966
979,16-014a,U/N Reef,-16.0235,145.6997,1,1,1,-6.017000198
980,16-014b,U/N Reef,-16.0329,145.7095,1,1,1,-5.278999805
981,16-015,Mackay Reef,-16.0495,145.6469,1,1,1,-0.347000003
982,16-016,U/N Reef,-16.0551,145.7394,1,1,1,-1.40199995
983,16-017,Sylvan Reef,-16.0798,145.7208,1,1,1,-1.202999949
984,16-018a,U/N Reef,-16.0767,145.7561,1,1,1,-2.006999969
985,16-018b,U/N Reef,-16.0861,145.7471,1,1,1,-6.050000191
986,16-019,St Crispin Reef,-16.1041,145.8333,1,1,1,-0.412
987,14-118,Eyrie Reef,-14.7105,145.3789,1,1,1,-0.013
988,14-119a,Turtle Reef (North),-14.7161,145.1659,1,0,1,-0.163000003
989,14-119b,Turtle Reef (South),-14.7215,145.161,1,0,1,-2.448999882
990,14-120a,Turtle Group Reef (No 1),-14.7345,145.187,1,0,1,0.180000007
991,15-033,Lark Reef,-15.2883,145.5735,1,1,1,-0.906000018
992,15-034,U/N Reef,-15.313,145.7636,1,1,1,0.01
993,15-035,U/N Reef,-15.3189,145.6392,1,1,1,-1.069000006
994,15-036,U/N Reef,-15.3309,145.6473,1,1,1,-0.981000006
995,15-037,U/N Reef,-15.3351,145.7523,1,1,1,-1.157999992
996,15-038,Ribbon No 5 Reef,-15.3638,145.7829,1,1,1,0.028000001
997,13-107,Pelican Island Reef,-13.9149,143.8416,1,0,1,0.754000008
998,13-108,Hedge Reef,-13.9022,143.9533,1,0,1,0.838999987
999,14-051,South Warden Reef,-14.2391,144.7397,1,0,1,-0.887000024
1000,14-052,Unison Reef,-14.2976,144.6877,1,0,1,-0.652999997
1001,14-053,U/N Reef,-14.3097,144.7898,1,0,1,-0.354000002
1002,14-054,Stapleton Reef,-14.3214,144.8592,1,0,1,-0.164000005
1003,14-120b,Turtle Group Reef (No 2),-14.7347,145.1991,1,1,1,0.184
1004,14-120c,Turtle Group Reef (No 3),-14.7298,145.1794,1,0,1,-0.026000001
1005,14-120d,Turtle Group Reef (No 4),-14.7213,145.1981,1,0,1,0.175999999
1006,14-120e,Turtle Group Reef (No 5),-14.7048,145.2042,1,0,1,-0.01
1007,14-120f,Turtle Group Reef (No 6),-14.7137,145.1932,1,0,1,-0.002
1008,14-120g,Turtle Group Reef (No 7),-14.7282,145.1895,1,0,1,-0.282000005
1009,15-039,Williamson Reefs,-15.359,145.5815,1,1,1,-0.736999989
1010,15-040,U/N Reef,-15.3885,145.7662,1,1,1,-1.129999995
1011,15-041,U/N Reef,-15.3999,145.7661,1,1,1,-0.289000005
1012,15-042,U/N Reef,-15.4101,145.7719,1,1,1,-7.109000206
1013,15-043,U/N Reef,-15.4287,145.5083,1,1,1,-0.538999975
1014,15-044,U/N Reef,-15.4284,145.6134,1,1,1,-0.825999975
1015,13-109,U/N Reef,-13.9646,143.8157,1,0,NA,NA
1016,13-110,U/N Reef,-13.9263,143.6148,1,0,1,0.879999995
1017,13-111,Burkitt Reef,-13.9438,143.7544,1,0,1,0.423999995
1018,13-112,U/N Reef,-13.949,143.6477,1,0,1,-1.55400002
1019,13-113,Iris Reef,-13.9606,143.8415,1,0,1,0.662999988
1020,13-114,Obree Reef,-13.9758,143.6824,1,0,1,-2.213999987
1021,14-055,Munro Reef,-14.3191,144.7414,1,0,1,-0.601999998
1022,14-056,U/N Reef,-14.3281,144.9556,1,0,1,-0.028000001
1023,14-057a,Davy Patches (No 1),-14.3265,144.7182,1,0,1,-8.812000275
1024,14-057b,Davy Patches (No 2),-14.3361,144.7079,1,0,1,-5.09499979
1025,14-057c,Davy Patches (No 3),-14.3411,144.72,1,0,1,-7.045000076
1026,14-058,U/N Reef,-14.3349,144.5955,1,0,NA,NA
1027,14-059,U/N Reef,-14.3232,144.5867,1,0,1,0.250999987
1028,14-060,Barrow Reef,-14.343,144.6504,1,0,1,-0.023
1029,14-120h,Turtle Group Reef (No 8),-14.7177,145.1847,1,0,1,-0.151999995
1030,14-120j,Turtle Group Reef (No 9),-14.7434,145.2084,1,1,NA,NA
1031,14-121,Crompton Shoals,-14.718,145.2762,1,0,NA,NA
1032,14-122a,Pethebridge Islets Reef (East),-14.7315,145.1009,1,0,1,-0.029999999
1033,14-122b,Pethebridge Islets Reef (West),-14.7362,145.0825,1,0,1,0.127000004
1034,14-123,Martin Reef,-14.7632,145.3557,1,1,1,-0.029999999
1035,15-045,U/N Reef,-15.4302,145.6585,1,1,1,-0.787
1036,15-046,Ribbon No 4 Reef,-15.4349,145.8009,1,1,1,-0.01
1037,15-047,U/N Reef,-15.4616,145.677,1,1,1,-0.535000026
1038,15-048,U/N Reef,-15.4841,145.6549,1,1,1,-0.908999979
1039,15-049,U/N Reef,-15.4857,145.5027,1,1,1,-0.647000015
1040,15-050,Ribbon No 3 Reef,-15.4883,145.8055,1,1,1,-0.089000002
1041,13-116,U/N Reef,-13.5421,144.0897,1,0,1,-0.822000027
1042,13-117a,U/N Reef,-13.5917,144.0992,1,0,1,-0.971000016
1043,13-117b,U/N Reef,-13.6005,144.0957,1,0,1,-0.727999985
1044,13-118a,Creech Reef (North),-13.6259,144.1037,1,0,1,-0.75
1045,13-118b,Creech Reef (South),-13.6457,144.1073,1,0,1,-1.203999996
1046,14-061,Switzer Reef,-14.36,144.757,1,0,1,-0.25
1047,14-062,U/N Reef,-14.3752,144.9613,1,0,1,-0.601999998
1048,14-063,Combe Reef,-14.4141,144.951,1,0,1,-0.093999997
1049,14-124,U/N Reef,-14.7802,145.0868,1,1,NA,NA
1050,14-125,Maxwell Reef,-14.7867,145.3156,1,1,1,-5.388999939
1051,14-126,Linnet Reef,-14.7867,145.3444,1,1,1,0.033
1052,14-127a,U/N Reef,-14.7881,145.1401,1,1,NA,NA
1053,14-127b,U/N Reef,-14.7983,145.1359,1,1,NA,NA
1054,14-128,Sim Reef,-14.8171,145.2834,1,1,1,-3.923000097
1055,14-129a,U/N Reef,-14.8162,145.1816,1,1,NA,NA
1056,14-129b,U/N Reef,-14.8225,145.1894,1,1,1,-1.871999979
1057,15-051,Dawson Reef,-15.5048,145.3282,1,1,1,-0.125
1058,15-052,Cowlishaw Reef,-15.5348,145.3526,1,1,1,-0.810000002
1059,15-053,Draper Patch,-15.5461,145.3026,1,1,1,-1.633000016
1060,15-054,Rocky Island Reef,-15.6016,145.3295,1,1,1,-0.064000003
1061,15-055,U/N Reef,-15.6127,145.3191,1,1,1,0.261999995
1062,15-056,Malcolm Patch,-15.6247,145.4483,1,1,NA,NA
1063,15-057,Bee Reef,-15.6405,145.4296,1,1,1,-0.532999992
1064,15-058,U/N Reef,-15.6444,145.3187,1,1,1,-0.004
1065,15-059a,U/N Reef,-15.7054,145.3535,1,1,1,0.123000003
1066,13-119,U/N Reef,-13.6763,144.1661,1,0,1,-0.307999998
1067,13-120,Sand Bank No 5 Reef,-13.7368,144.2373,1,0,1,-0.204999998
1068,13-121,U/N Reef,-13.7802,144.267,1,0,1,-0.316000015
1069,14-064,Ingram-Beanley Reef,-14.4257,144.8896,1,0,1,0.147
1070,14-065,Bewick Reef,-14.4328,144.8115,1,0,1,0.037
1071,14-131,Decapolis Reef,-14.8505,145.2729,1,1,1,-1.565000057
1072,14-132a,Rocky Islets Reef,-14.8553,145.4792,1,1,1,0.181999996
1073,14-132b,U/N Reef,-14.8655,145.5276,1,1,1,-0.241999999
1074,14-132c,U/N Reef,-14.8695,145.4889,1,1,1,-8.027000427
1075,14-133,U/N Reef,-14.9168,145.516,1,1,1,-0.735000014
1076,14-134,Eye Reef,-14.8946,145.478,1,1,1,-0.131999999
1077,13-042,U/N Reef,-13.316,143.5314,1,0,1,0.017000001
1078,13-043,U/N Reef,-13.2825,143.5392,1,0,1,-1.072000027
1079,13-045,Lowrie Reef,-13.2757,143.596,1,0,1,-0.002
1080,13-048,Bow Reef,-13.3081,143.6732,1,0,1,0.204999998
1081,13-049,U/N Reef,-13.3176,143.89,1,0,0,-12.80799961
1082,13-122,U/N Reef,-13.8584,144.0278,1,0,1,-0.790000021
1083,13-123,U/N Reef,-13.8558,144.1353,1,0,1,-0.735000014
1084,13-124,U/N Reef,-13.8531,144.0788,1,0,1,-0.791000009
1085,13-125,U/N Reef,-13.8655,144.3113,1,0,1,-0.349000007
1086,14-066,Mid Reef,-14.4574,144.9583,1,0,1,-0.456
1087,14-067,U/N Reef,-14.4523,144.6299,1,0,1,0.244000003
1088,14-068,Watson Reef,-14.4629,144.8933,1,0,1,-0.017999999
1089,14-069,Wooden Patch,-14.4755,144.7535,1,0,1,-6.59100008
1090,14-070,Baron Reef,-14.4747,144.6979,1,0,1,-0.603999972
1091,14-135,Helsdon Reef,-14.9395,145.488,1,1,1,-0.579999983
1092,14-136a,NA,-14.9418,145.3381,0,1,NA,NA
1093,14-136b,NA,-14.9484,145.3342,0,1,NA,NA
1094,14-137,Carter Reef,-14.5477,145.589,1,0,1,-0.016000001
1095,14-138,Yonge Reef,-14.5997,145.6235,1,0,1,0.044
1096,14-139,No Name Reef,-14.6438,145.6463,1,0,1,0.083999999
1097,14-140,Sydney Schubert Reef,-14.6649,145.6502,1,1,1,-0.755999982
1098,13-050a,U/N Reef,-13.3248,143.9734,1,0,1,-0.488999993
1099,13-050b,U/N Reef,-13.3081,143.9509,1,0,1,-9.642999649
1100,13-051,U/N Reef,-13.3301,143.5573,1,0,1,-2.006000042
1101,13-052,U/N Reef,-13.3279,143.7244,1,0,1,-0.624000013
1102,13-053,Treat Reef,-13.3265,143.6008,1,0,1,-0.898000002
1103,13-054,U/N Reef,-13.3516,143.5728,1,0,1,-1.761000037
1104,13-126,U/N Reef,-13.9087,144.0631,1,0,1,-6.083000183
1105,13-127,Rodda Reef,-13.9212,144.3566,1,0,1,-0.286000013
1106,13-128,Joan Reef,-13.9465,144.3496,1,0,1,-0.848999977
1107,13-129,Wilson Reef,-13.9524,144.4011,1,0,1,-0.223000005
1108,13-130,Davie Reef,-13.9773,144.4547,1,0,1,-0.054000001
1109,13-131,Eves Reef,-13.962,144.5744,1,0,1,-1.327999949
1110,13-132,U/N Reef,-13.9759,144.552,1,0,0,-12.3579998
1111,14-071a,Weigall Reefs (East),-14.4742,144.643,1,0,1,-0.833000004
1112,14-071b,Weigall Reefs (West),-14.479,144.6377,1,0,1,-0.962000012
1113,14-072,Megaera Reef,-14.4774,144.9579,1,0,1,0.158999994
1114,14-073,U/N Reef,-14.2335,145.0026,1,0,1,-0.984000027
1115,14-074,U/N Reef,-14.2677,145.0678,1,0,1,-0.588
1116,14-075,U/N Reef,-14.2892,145.165,1,0,1,-0.829999983
1117,14-076,U/N Reef,-14.3132,145.182,1,0,1,-8.328000069
1118,14-141,U/N Reef,-14.7072,145.5388,1,1,1,-2.180999994
1119,14-142,U/N Reef,-14.7313,145.5825,1,1,1,-1.514000058
1120,14-143,North Direction Reef,-14.7458,145.5106,1,1,1,0.021
1121,14-144,Kedge Reef,-14.7826,145.5309,1,1,1,-6.18200016
1122,14-145,U/N Reef,-14.7899,145.5866,1,1,1,-1.09800005
1123,13-055,Peter Reef,-13.3326,143.7807,1,0,1,-0.934000015
1124,13-056,Sand Bank No 8 Reef,-13.3672,143.9621,1,0,1,-0.196999997
1125,13-057a,Sharland Reefs (No 1),-13.3688,143.5992,1,0,1,-1.164999962
1126,13-057b,Sharland Reefs (No 2),-13.3826,143.5974,1,0,1,-0.940999985
1127,13-058a,U/N Reef,-13.4009,143.6101,1,0,1,-1.399999976
1128,13-058b,U/N Reef,-13.4086,143.6049,1,0,1,-1.652999997
1129,13-133,Tydeman Reef,-13.9837,144.5199,1,0,1,-0.029999999
1130,13-134,U/N Reef,-13.5172,143.6184,1,0,NA,NA
1131,13-135,U/N Reef,-13.5428,143.6043,1,0,1,-1.269999981
1132,13-136,U/N Reef,-13.4605,143.806,1,0,1,-1.243999958
1133,13-137,U/N Reef,-13.6572,144.1102,1,0,0,-11.57199955
1134,14-001,U/N Reef,-14.0301,143.6865,1,0,1,0.986999989
1135,14-002,Beabey Patches,-14.0135,143.8222,1,0,0,-10.37899971
1136,14-077a,U/N Reef,-14.3136,145.2371,1,0,1,-0.308999985
1137,14-077b,U/N Reef,-14.3291,145.2351,1,0,0,-16.02499962
1138,14-078,U/N Reef,-14.3432,145.2775,1,0,1,-0.912
1139,14-079,Jewell Reef,-14.3798,145.3513,1,0,1,-0.152999997
1140,14-080,U/N Reef,-14.3643,145.0181,1,0,1,-0.828999996
1141,14-081,U/N Reef,-14.3986,145.035,1,0,1,-1.184000015
1142,14-146,Ribbon No 10 Reef,-14.8272,145.6981,1,1,1,0.01
1143,14-147a,South Direction Reef (North),-14.8243,145.5237,1,1,1,-0.005
1144,14-147b,South Direction Reef (South),-14.8117,145.5207,1,1,1,-1.233999968
1145,13-059,Ellis Reef,-13.3801,143.7054,1,0,1,0.011
1146,13-060,Blanchard Reef,-13.4168,143.7507,1,0,1,-0.319999993
1147,13-061a,U/N Reef,-13.3989,143.9745,1,0,1,-0.614000022
1148,13-061b,U/N Reef,-13.4246,143.9759,1,0,1,-0.911000013
1149,14-003,Grub Reef,-14.0066,143.9833,1,0,1,0.953000009
1150,14-004,Keast Shoal,-14.0523,143.9353,1,0,NA,NA
1151,14-005,Cameron Shoal,-14.0595,143.9319,1,0,0,-12.74400043
1152,14-006,Fahey Reef,-14.0637,143.8589,1,0,1,0.238999993
1153,14-007,Taiwan Shoal,-14.0664,143.9259,1,0,NA,NA
1154,14-082,Crescent Reef,-14.4157,145.0893,1,0,1,-0.601999998
1155,14-083,Parke Reef,-14.4195,145.3225,1,0,1,-0.824999988
1156,14-084,U/N Reef,-14.4436,145.044,1,0,1,-0.193000004
1157,14-085,Hilder Reef,-14.445,145.4104,1,0,1,-0.786000013
1158,14-149,U/N Reef,-14.8425,145.6183,1,1,1,-1.062000036
1159,14-150,U/N Reef,-14.8831,145.5573,1,1,1,-0.990999997
1160,14-151,No 10 Patches (No 1),-14.9199,145.6904,1,1,1,-0.469000012
1161,14-152,No 10 Patches (No 2),-14.9319,145.6817,1,1,1,-0.218999997
1162,14-153a,No 10 Patches (No 3),-14.9504,145.6902,1,1,1,-0.013
1163,14-153b,No 10 Patches (No 4),-14.9685,145.6862,1,1,1,-4.255000114
1164,13-061c,Sand Bank No 7 Reef,-13.4398,143.9785,1,0,1,-0.048
1165,13-062,Roskruge Reef,-13.4161,143.6287,1,0,1,-2.982000113
1166,13-063,U/N Reef,-13.4231,143.8153,1,0,1,-0.852999985
1167,13-064,North Khandalla Shoal,-13.4287,143.6889,1,0,1,-8.894000053
1168,13-065,Drake Shoal,-13.4343,143.7061,1,0,1,-7.721000195
1169,13-066,South Khandalla Shoal,-13.4368,143.6916,1,0,0,-10.02099991
1170,13-068,Quake Reef,-13.4524,143.6511,1,0,1,-1.220999956
1171,13-069,Bell Bank (North),-13.4538,143.6254,1,0,1,-0.569999993
1172,13-070,Bell Bank (South),-13.4668,143.6214,1,0,1,-1.419999957
1173,13-071,Heath Reef,-13.4752,143.6811,1,0,1,-0.014
1174,14-008,Eden Reef,-14.0778,143.9139,1,0,1,0.95599997
1175,14-009,Clark Shoal,-14.1294,143.9368,1,0,NA,NA
1176,14-010,U/N Reef,-14.141,143.7025,1,0,1,1.085000038
1177,14-011,Olive Patch,-14.1786,143.9331,1,0,NA,NA
1178,14-012,Cliff Islands Reef (West),-14.2207,143.7739,1,0,1,0.898999989
1179,14-013,Cliff Islands Reef (East),-14.2258,143.7922,1,0,1,1.014999986
1180,14-014,U/N Reef,-14.2551,143.7309,1,0,1,1.080000043
1181,14-015,June Reef,-14.2887,143.7797,1,0,1,-1.144999981
1182,14-086,Hicks Reef,-14.4526,145.4821,1,0,1,-0.002
1183,14-087,Snake Reef,-14.4731,145.0253,1,0,1,-0.493999988
1184,14-088,Waining Reef,-14.4562,145.2222,1,0,1,-0.842999995
1185,14-089,Day Reef,-14.4967,145.5368,1,0,1,-0.015
1186,14-154,Ribbon No 9 Reef,-14.9929,145.7033,1,1,1,-0.002
1187,14-159a,U/N Reef,-14.1232,144.7037,1,0,NA,NA
1188,14-159b,U/N Reef,-14.1343,144.6998,1,0,0,-10.27999973
1189,14-160,U/N Reef,-14.1937,144.8594,1,0,0,-12.74400043
1190,14-161,U/N Reef,-14.0192,143.9296,1,0,NA,NA
1191,14-162,U/N Reef,-14.5568,144.711,1,0,NA,NA
1192,14-163,U/N Reef,-14.9086,145.4541,1,1,1,-2.983999968
1193,15-001,Ada Bank,-15.0038,145.4642,1,1,NA,NA
1194,13-072,Morris Island Reef,-13.4863,143.7382,1,0,1,0.064000003
1195,13-073,U/N Reef,-13.467,143.9958,1,0,0,-14.52700043
1196,13-074,U/N Reef,-13.4779,144.0525,1,0,1,-0.563000023
1197,13-075,MacDonald Reef,-13.5425,143.6553,1,0,NA,NA
1198,14-016,Corbett Reef,-13.9792,144.1161,1,0,1,0.635999978
1199,14-017,Clack Reef,-14.0678,144.2432,1,0,1,0.143000007
1200,14-018,King Island Reef,-14.0997,144.3213,1,0,1,0.059
1201,14-019,Aylen Patch,-14.1037,144.4849,1,0,NA,NA
1202,14-020,Oswald Shoal,-14.1073,144.4979,1,0,1,-5.986999989
1203,14-090,Howick Reef,-14.5042,144.9702,1,0,1,0.137999997
1204,14-091,Noble Reef,-14.5018,144.765,1,0,1,0.209999993
1205,15-002,Two Islands Reef,-15.0231,145.4416,1,1,1,0.033
1206,15-003,Low Wooded Reef,-15.0934,145.3794,1,1,1,0.001
1207,15-004a,Murray Reefs (No  1),-15.0955,145.2633,1,1,1,-1.809999943
1208,15-004b,Murray Reefs (No  2),-15.0947,145.2687,1,1,1,-1.378999949
1209,15-004c,Murray Reefs (No  3),-15.1008,145.2641,1,1,NA,NA
1210,13-076,Ogilvie Reef,-13.526,143.7908,1,0,1,-0.144999996
1211,13-077,U/N Reef,-13.5524,143.852,1,0,1,-0.48300001
1212,14-022,Wharton Reef,-14.1282,144.0023,1,0,1,0.633000016
1213,14-023,Atkinson Reef,-14.1213,144.3023,1,0,NA,NA
1214,14-024,Channel Rocks Reef,-14.1426,144.4841,1,0,1,-1.796000004
1215,14-025,Boulder Rock Reef,-14.1484,144.4852,1,0,1,-0.231000006
1216,14-026a,Stanley Island Reef (No 1),-14.1408,144.2461,1,0,1,0.256000012
1217,14-092,Newton Reef,-14.5056,144.9158,1,0,1,0.043000001
1218,14-093,Sand Reef,-14.5217,144.845,1,0,NA,NA
1219,14-094,Houghton Reef,-14.5241,144.9731,1,0,1,-0.055
1220,14-096,U/N Reef,-14.5395,144.856,1,0,1,-0.782000005
1221,14-097,Coquet Reef,-14.5399,144.9927,1,0,1,0.238000005
1222,15-005,Three Islands Reef,-15.115,145.4224,1,1,1,0.034000002
1223,15-006,Conical Rock Reef,-15.1384,145.3174,1,1,1,-0.096000001
1224,15-007,U/N Reef,-15.1559,145.2475,1,1,1,-0.93599999
1225,15-008,Beor Reef,-15.1589,145.2682,1,1,1,-0.746999979
1226,15-009,Forrester Reef,-15.1667,145.4961,1,1,1,-0.493000001
1227,15-011,Petty Patch,-15.2146,145.3425,1,1,NA,NA
1228,13-078,U/N Reef,-13.641,143.9217,1,0,1,-1.32099998
1229,13-079a,Noddy Reef (No 1),-13.6822,143.7922,1,0,1,0.048
1230,13-079b,Noddy Reef (No 2),-13.6243,143.8249,1,0,1,-1.136000037
1231,13-079c,Noddy Reef (No 3),-13.6067,143.9079,1,0,1,-0.801999986
1232,14-026b,Stanley Island Reef (No 2),-14.1514,144.2541,1,0,1,-0.068999998
1233,14-026c,Stanley Island Reef (No 3),-14.1635,144.2322,1,0,1,-0.022
1234,14-026d,Stanley Island Reef (No 4),-14.1745,144.2194,1,0,1,-0.240999997
1235,14-026e,Stanley Island Reef (No 5),-14.1618,144.2165,1,0,1,-0.239999995
1236,14-028,U/N Reef,-14.1745,144.7351,1,0,1,-1.406999946
1237,14-029,MacLear Reef,-14.209,144.2459,1,0,1,-0.134000003
1238,14-098a,Miles Reef (North),-14.5408,144.9217,1,0,1,-4.037000179
1239,14-098b,Miles Reef (South),-14.5444,144.9186,1,0,1,-2.221999884
1240,14-099,Leggatt Reef,-14.5485,144.8702,1,0,1,-0.116999999
1241,14-100,U/N Reef,-14.5508,144.8502,1,0,1,-0.970000029
1242,14-101,Sinclair-Morris Reef,-14.5536,144.9052,1,0,1,0.116999999
1243,14-102,Hampton Reef,-14.5632,144.8895,1,0,1,-0.001
1244,14-103,Beatrice Reef,-14.5741,144.9273,1,0,1,-1.146000028
1245,15-012,Boulder Reef,-15.4139,145.4314,1,1,1,-0.407000005
1246,15-013,Egret Reef,-15.4741,145.4175,1,1,1,-0.372000009
1247,15-014a,Blackbird Patches (North),-15.4777,145.2898,1,1,NA,NA
1248,15-014b,Blackbird Patches (South),-15.4839,145.2887,1,1,NA,NA
1249,15-015,Tilbrook Bank,-15.0061,145.5111,1,1,NA,NA
1250,15-016,Gull Reef,-15.0049,145.5692,1,1,1,-0.731000006
1251,15-017a,U/N Reef,-15.034,145.6959,1,1,1,-0.280999988
1252,15-017b,U/N Reef,-15.0453,145.7028,1,1,1,-6.357999802
1253,15-017c,U/N Reef,-15.0242,145.6795,1,1,1,-7.815000057
1254,13-080,U/N Reef,-13.6382,143.5567,1,0,1,0.948000014
1255,13-081,Fife Reef,-13.6532,143.7306,1,0,1,0.723999977
1256,13-083,Hay Island Reef,-13.6694,143.6905,1,0,1,0.171000004
1257,13-084,U/N Reef,-13.7021,143.8173,1,0,1,-0.624000013
1258,13-085,Frenchman Reef,-13.7294,143.5644,1,0,1,-0.838999987
1259,13-086,Poulsen Reef,-13.7372,143.6388,1,0,NA,NA
1260,14-031,Blackwood Reef,-14.2175,144.2219,1,0,1,-0.022
1261,14-032,Denham Reef,-14.2219,144.2679,1,0,1,-0.115000002
1262,14-033a,Rocky Islets Reef (North),-14.2562,144.3479,1,0,1,-0.177000001
1263,14-033b,Rocky Islets Reef (South),-14.271,144.3561,1,0,1,-0.174999997
1264,14-034,U/N Reef,-14.0662,144.7478,1,0,1,-0.619000018
1265,14-035,U/N Reef,-14.089,144.6671,1,0,1,-2.618000031
1266,14-036,Pipon Shoals,-14.0948,144.5353,1,0,1,-8.567000389
1267,14-037,Melanie Patches,-14.1014,144.577,1,0,1,-5.175000191
1268,14-104,Murdoch Reef,-14.6147,144.9355,1,0,1,0.01
1269,14-105,U/N Reef,-14.6373,144.9222,1,0,1,0.216999993
1270,14-106,Rocky Ledges,-14.6845,144.9526,1,0,1,0.201000005
1271,14-107a,U/N Reef,-14.7119,144.9937,1,0,NA,NA
1272,14-107b,U/N Reef,-14.7144,144.9865,1,0,NA,NA
1273,14-108,U/N Reef,-14.7185,144.9527,1,0,1,0.098999999
1274,14-109,Fly Reef,-14.5073,145.1585,1,0,1,-0.592000008
1275,14-110,Underwood Shoal,-14.5909,145.4662,1,0,0,-10.72500038
1276,14-111,Covered Reef,-14.6603,145.1781,1,0,NA,NA
1277,14-112,Stewart Shoal,-14.6145,145.4683,1,0,0,-19.03100014
1278,15-018,Pasco Reef,-15.0446,145.5329,1,1,1,-0.913999975
1279,15-019,Long Reef,-15.0509,145.57,1,1,1,-0.856000006
1280,15-020,Strickland Reef,-15.0734,145.5175,1,1,1,-4.210000038
1281,15-021a,Ribbon No 8 Reef,-15.0728,145.7237,1,1,1,-0.002
1282,15-021b,U/N Reef,-15.0748,145.7052,1,1,1,-4.714000225
1283,15-022,U/N Reef,-15.098,145.6364,1,1,1,-1.055999994
1284,15-023,U/N Reef,-15.0944,145.6702,1,1,1,-1.103000045
1285,13-087,Magpie Reef,-13.7596,143.8379,1,0,1,0.822000027
1286,13-088,Lytton Reef,-13.7432,143.9058,1,0,1,-0.579999983
1287,13-089,U/N Reef,-13.7563,143.9477,1,0,1,-0.958000004
1288,13-091,Wilkie Reef,-13.7715,143.6402,1,0,1,0.206
1289,14-038,Pipon Reef,-14.1205,144.5239,1,0,1,0.250999987
1290,14-039,North Warden Reef,-14.1675,144.6464,1,0,1,-0.834999979
1291,14-040,Singleton Patch,-14.1598,144.6007,1,0,NA,NA
1292,14-113,Petricola Shoal,-14.6333,145.4803,1,0,0,-16.99699974
1293,14-114,MacGillivray Reef,-14.652,145.4911,1,0,1,-0.414999992
1294,14-115,Nymph Reef,-14.655,145.2521,1,0,1,0.071999997
1295,15-024,Mackay Reefs,-15.1389,145.5713,1,1,1,-1.019999981
1296,15-025,Harrier Reef,-15.1367,145.697,1,1,1,-0.155000001
1297,15-026,Ribbon No 7 Reef,-15.1893,145.7384,1,1,1,0.001
1298,15-027,Marx Reef,-15.1978,145.6212,1,1,1,-0.954999983
1299,13-092,U/N Reef,-13.7716,143.5442,1,0,1,0.882000029
1300,13-093a,U/N Reef,-13.8289,143.9301,1,0,1,-1.526000023
1301,13-093b,U/N Reef,-13.7609,143.9617,1,0,1,-0.916000009
1302,13-093c,U/N Reef,-13.7684,143.9794,1,0,1,-1.103000045
1303,13-095,Sullivan Shoal,-13.8464,143.6871,1,0,1,-8.022000313
1304,13-096,Ballerina Shoal,-13.8446,143.778,1,0,NA,NA
1305,14-042a,Flinders Island Reef (No 1),-14.1737,144.2789,1,0,1,-0.048
1306,14-042b,Flinders Island Reef (No 2),-14.1946,144.2551,1,0,1,-0.172999993
1307,14-042c,Flinders Island Reef (No 3),-14.1705,144.2442,1,0,1,-0.066
1308,14-043,U/N Reef,-14.1778,144.7997,1,0,1,-1.014000058
1309,14-044,Hales Reef,-14.1837,144.5382,1,0,1,-0.389999986
1310,14-045,Sand Bank No 1 Reef,-14.2004,144.8919,1,0,1,-0.191
1311,14-046,U/N Reef,-14.205,144.8526,1,0,NA,NA
1312,14-116a,Lizard Island Reef (North West),-14.6586,145.4469,1,0,1,-0.169
1313,14-116b,Lizard Island Reef (North East),-14.655,145.4661,1,0,1,-0.264999986
1314,14-116d,Lizard Island Reef (Lagoon),-14.6853,145.4481,1,1,1,-0.018999999
1315,15-028,Startle Reefs,-15.2074,145.5565,1,1,1,-0.703000009
1316,15-029,Camel Head Reef,-15.2411,145.7225,1,1,1,-0.032000002
1317,15-030,Swinger Reef,-15.2423,145.5371,1,1,1,-0.522000015
1318,15-031,Pullen Reefs,-15.2507,145.5872,1,1,1,-1.511999965
1319,15-032,Ribbon No 6 Reef,-15.2809,145.7519,1,1,1,-0.001
1320,13-097,Hannah Island Reef,-13.8655,143.7177,1,0,1,1.08099997
1321,13-100,U/N Reef,-13.8666,143.937,1,0,1,-1.376999974
1322,13-101a,Rattlesnake Reefs (No 1),-13.8737,143.6383,1,0,1,-1.156000018
1323,13-101b,Rattlesnake Reefs (No 2),-13.882,143.6444,1,0,1,-0.744000018
1324,13-101c,Rattlesnake Reefs (No 3),-13.9009,143.6557,1,0,1,-2.023000002
1325,13-102,U/N Reef,-13.8853,143.602,1,0,1,0.871999979
1326,13-104,Kestrel Reef,-13.9042,143.8925,1,0,1,-0.828000009
1327,13-105,U/N Reef,-13.9161,143.6787,1,0,NA,NA
1328,14-047,U/N Reef,-14.2122,144.9283,1,0,1,-0.233999997
1329,14-048,Broomfield Rock Reef,-14.2037,144.6701,1,0,1,-1.97300005
1330,14-049,U/N Reef,-14.2264,144.9584,1,0,1,-1
1331,14-050,Rocky Point Island Reef,-14.2325,144.5767,1,0,1,-0.097999997
1332,14-116c,Lizard Island Reef (Coconut Bay),-14.6811,145.4723,1,0,1,0.021
1333,14-117,Gunga Shoal,-14.6689,145.2,1,0,NA,NA
1334,20-058a,Dent Reef (No 1),-20.3482,148.9359,1,1,1,0.509000003
1335,20-058b,Dent Reef (No 2),-20.3497,148.9273,1,1,1,-0.071000002
1336,20-059,U/N Reef,-20.3717,148.9627,1,1,1,-0.515999973
1337,20-060a,Long Island Reef (No 1),-20.329,148.8484,1,1,1,-0.002
1338,20-078d,Haslewood Island Reef (No 4),-20.3006,149.0823,1,1,1,0.643000007
1339,20-078e,Haslewood Island Reef (No 5),-20.2802,149.099,1,1,1,0.805000007
1340,20-041l,Whitsunday Island Reef (No 11),-20.2982,148.9295,1,1,1,0.138999999
1341,20-041m,Whitsunday Island Reef (No 12),-20.2905,148.9209,1,1,1,0.268000007
1342,20-060b,Long Island Reef (No 2),-20.3433,148.8471,1,1,1,0.230000004
1343,20-060c,Long Island Reef (No 3),-20.3632,148.8481,1,1,1,-0.048
1344,20-078f,Lupton Reef,-20.2761,149.1121,1,1,1,0.041999999
1345,20-078g,Cashell Reef,-20.2636,149.1054,1,1,1,0.64200002
1346,20-017,Black Island Reef,-20.0811,148.8927,1,1,1,-0.114
1347,20-018,Double Rock Reef,-20.0719,148.975,1,1,1,-6.050000191
1348,20-019,Langford-Bird Reef,-20.0885,148.8777,1,1,1,0.224000007
1349,20-041n,Whitsunday Island Reef (No 13),-20.2779,148.9249,1,1,1,-0.005
1350,20-041p,Whitsunday Island Reef (No 15),-20.2244,148.9454,1,1,1,0.351999998
1351,20-060d,Long Island Reef (No 4),-20.3742,148.851,1,1,1,-0.196999997
1352,20-060e,Long Island Reef (No 5),-20.3913,148.8615,1,1,1,0.356999993
1353,20-060f,Long Island Reef (No 6),-20.3524,148.8584,1,1,1,0.237000003
1354,20-078h,Haslewood Island Reef (No 6),-20.3025,149.0883,1,1,1,0.806999981
1355,20-079,Workington Reef,-20.2696,149.1194,1,1,1,-0.006
1356,20-020,Gumbrell Reef,-20.1002,148.6077,1,1,1,0.236000001
1357,20-041q,Whitsunday Island Reef (No 16),-20.2171,148.9518,1,1,1,-0.209999993
1358,20-041r,Whitsunday Island Reef (No 17),-20.1795,148.9577,1,1,1,0.40200001
1359,20-041t,Whitsunday Island Reef (No 18),-20.1561,148.9593,1,1,1,-0.044
1360,20-041u,Whitsunday Island Reef (No 19),-20.3276,148.9685,1,1,1,-0.203999996
1361,20-041v,Whitsunday Island Reef (No 20),-20.3231,148.9808,1,1,1,-0.382999986
1362,20-060g,Long Island Reef (No 7),-20.3887,148.8741,1,1,1,-0.013
1363,20-060h,Long Island Reef (No 8),-20.325,148.8557,1,1,1,-0.028999999
1364,20-080,Leeper Shoal,-20.1408,149.0891,1,1,0,-12.81099987
1365,20-081,Nicolson Reef,-20.3051,149.0942,1,1,1,-0.174999997
1366,20-021,Olden Reef,-20.104,148.5722,1,1,1,0.30399999
1367,20-022,Armit Island Reef,-20.1079,148.6527,1,1,1,-0.028000001
1368,20-041w,Whitsunday Island Reef (No 21),-20.306,148.9916,1,1,1,-0.061999999
1369,20-041x,Whitsunday Island Reef (No 22),-20.3099,149.0063,1,1,1,-0.30399999
1370,20-041y,Whitsunday Island Reef (No 23),-20.3159,149.0144,1,1,1,-0.061000001
1371,20-041z,Whitsunday Island Reef (No 24),-20.3061,149.0324,1,1,1,0.542999983
1372,20-061,Pine Island Reef,-20.3753,148.8864,1,1,1,-0.388000011
1373,19-267,U/N Reef,-19.7241,149.9966,1,1,1,-6.105000019
1374,19-268,U/N Reef,-19.7161,150.0421,1,1,1,-8.975000381
1375,19-269,U/N Reef,-19.7424,150.0986,1,1,1,-5.205999851
1376,19-270,U/N Reef,-19.8553,150.1683,1,1,1,-7.02699995
1377,19-271,U/N Reef,-19.9101,150.1694,1,1,1,-1.986999989
1378,19-272,U/N Reef,-19.8889,150.1882,1,1,1,-1.202000022
1379,19-273,U/N Reef,-19.8933,150.2287,1,1,1,-1.440999985
1380,19-274,U/N Reef,-19.9108,150.2455,1,1,1,-4.646999836
1381,19-275,U/N Reef,-19.9231,150.3942,1,1,0,-11.69200039
1382,19-276,U/N Reef,-19.2362,148.2247,1,1,NA,NA
1383,19-277,U/N Reef,-19.2327,148.2414,1,1,1,-1.930999994
1384,19-278,U/N Reef,-19.1172,148.2585,1,1,NA,NA
1385,20-023,U/N Reef,-20.1092,148.6643,1,1,1,-1.210999966
1386,20-041,Fitzalan Island Reef,-20.3311,148.9596,1,1,1,-0.819999993
1387,20-042a,South Molle Reef (No 1),-20.2758,148.841,1,1,1,0.238000005
1388,20-042b,South Molle Reef (No 2),-20.2777,148.8274,1,1,1,-0.033
1389,20-062b,U/N Reef,-20.3695,148.8333,1,1,1,-0.021
1390,20-063,Three Fathom Patch,-20.4139,148.8607,1,1,1,-5.301000118
1391,19-279,U/N Reef,-19.0953,148.5426,1,1,0,-16.94799995
1392,19-280,U/N Reef,-19.3803,148.5946,1,1,NA,NA
1393,19-281,U/N Reef,-19.3229,148.5953,1,1,NA,NA
1394,19-282,U/N Reef,-19.3323,148.6072,1,1,NA,NA
1395,19-283,U/N Reef,-19.0716,148.6503,1,1,0,-15.58899975
1396,19-284,U/N Reef,-19.1727,148.6797,1,1,0,-17.66900063
1397,19-285,U/N Reef,-19.3722,148.7434,1,1,0,-19.63100052
1398,19-286,U/N Reef,-19.2964,148.747,1,1,0,-16.06900024
1399,19-287,U/N Reef,-19.3696,148.7601,1,1,0,-19.49600029
1400,19-288,U/N Reef,-19.284,148.9627,1,1,NA,NA
1401,19-289,U/N Reef,-19.3082,149.0219,1,1,0,-19.24099922
1402,19-290,U/N Reef,-19.5268,149.0289,1,1,1,-1.434999943
1403,20-024,Double Cone Reef,-20.1073,148.7139,1,1,1,0.523999989
1404,20-042c,South Molle Reef (No 3),-20.2634,148.8309,1,1,1,-0.034000002
1405,20-042d,South Molle Reef (No 4),-20.2608,148.8409,1,1,1,-0.033
1406,20-043,Planton Reef,-20.2668,148.8512,1,1,1,0.551999986
1407,19-291,U/N Reef,-19.1153,149.0328,1,1,NA,NA
1408,19-292,U/N Reef,-19.136,149.1107,1,1,NA,NA
1409,19-293,U/N Reef,-19.2599,149.1171,1,1,NA,NA
1410,19-294,U/N Reef,-19.304,149.1475,1,1,0,-15.51200008
1411,19-295,U/N Reef,-19.2449,149.1661,1,1,0,-13.43599987
1412,19-296,U/N Reef,-19.6236,149.1727,1,1,NA,NA
1413,19-297,U/N Reef,-19.5119,149.2015,1,1,1,-8.286000252
1414,19-298,U/N Reef,-19.5207,149.2029,1,1,1,-6.440000057
1415,19-299,U/N Reef,-19.277,149.2144,1,1,0,-15.86100006
1416,19-300,U/N Reef,-19.3247,149.2184,1,1,NA,NA
1417,20-025b,U/N Reef,-20.1287,148.5688,1,1,1,-0.149000004
1418,20-026,Edwin Reef,-20.1264,148.6121,1,1,1,-0.67900002
1419,20-044,Denman Reef,-20.2823,148.8489,1,1,1,-0.005
1420,20-045,Almora Reef,-20.2344,148.77,1,1,1,-2.032000065
1421,20-065a,Calf Reef (No 1),-20.4287,148.8441,1,1,1,-0.003
1422,20-065b,Calf Reef (No 2),-20.4261,148.8501,1,1,1,-1.906000018
1423,20-065c,Calf Reef (No 3),-20.4265,148.8506,1,1,1,-0.386999995
1424,20-066,Long Shoal,-20.489,148.9383,1,1,1,-2.990999937
1425,20-067a,Border Island Reef (No 1),-20.1685,149.029,1,1,1,0.578999996
1426,19-301,U/N Reef,-19.2863,149.2291,1,1,0,-17.17000008
1427,19-302,U/N Reef,-19.5457,149.2392,1,1,1,-8.986000061
1428,19-303,U/N Reef,-19.5652,149.2413,1,1,0,-15.36100006
1429,19-304,U/N Reef,-19.54,149.245,1,1,0,-13.35999966
1430,19-305,U/N Reef,-19.6557,149.2647,1,1,1,-8.612999916
1431,19-306,U/N Reef,-19.216,149.2787,1,1,NA,NA
1432,19-307,U/N Reef,-19.3503,149.2804,1,1,0,-17.48699951
1433,20-027,U/N Reef,-20.1332,148.6058,1,1,1,-0.059
1434,20-028a,Hook Island Reef (No 1),-20.1154,148.9436,1,1,1,0.47299999
1435,20-028b,Hook Island Reef (No 2),-20.16,148.9288,1,1,1,0.354000002
1436,20-028c,Hook Island Reef (No 3),-20.1589,148.921,1,1,1,0.377000004
1437,20-028d,Hook Island Reef (No 4),-20.1507,148.9034,1,1,1,0.093000002
1438,20-028e,Hook Island Reef (No 5),-20.115,148.8973,1,1,1,0.238000005
1439,20-028f,Hook Island Reef (No 6),-20.0766,148.908,1,1,1,0.479999989
1440,20-046,U/N Reef,-20.2844,148.7951,1,1,1,0
1441,20-047,Low Rock Reef,-20.2876,148.8015,1,1,1,-1.855000019
1442,20-067b,Border Island Reef (No 2),-20.1691,149.0387,1,1,1,0.638000011
1443,20-067c,Border Island Reef (No 3),-20.1568,149.0335,1,1,1,0.178000003
1444,19-308,U/N Reef,-19.4112,149.2874,1,1,0,-13.15499973
1445,19-309,U/N Reef,-19.3941,149.351,1,1,1,-8.211000443
1446,19-310,U/N Reef,-19.2575,149.3532,1,1,0,-12.59700012
1447,19-311,U/N Reef,-19.333,149.3795,1,1,NA,NA
1448,19-312,U/N Reef,-19.0223,147.5571,1,1,0,-22.82999992
1449,20-028g,Hook Island Reef (No 7),-20.0728,148.9248,1,1,1,0.79400003
1450,20-028h,Hook Island Reef (No 9),-20.0631,148.9584,1,1,1,-0.035
1451,20-028j,Hook Island Reef (No 8),-20.0673,148.9387,1,1,1,-0.569999993
1452,20-028i,Hook Island Reef (No 10),-20.0851,148.9542,1,1,1,0.638999999
1453,20-028l,Hook Island Reef (No 11),-20.1039,148.9561,1,1,1,-0.123000003
1454,20-029,Low Island Reef,-20.1458,148.5797,1,1,1,-0.202999994
1455,20-048,Shute Reef,-20.2974,148.801,1,1,1,-0.127000004
1456,20-068a,Dumbell Reef (No 1),-20.1732,149.0072,1,1,1,-0.177000001
1457,20-068b,Dumbell Reef (No 2),-20.1748,149.0093,1,1,1,-0.444000006
1458,20-069,Petrel Reef,-20.198,149.1148,1,1,1,-0.014
1459,19-802,Sand Island,-19.3511,147.3701,1,1,1,-0.317000002
1460,20-001,U/N Reef,-20.0251,148.2503,1,1,1,0.232999995
1461,20-002,NA,-20.0217,148.2744,0,1,NA,NA
1462,20-003a,Gloucester Reef (No 1),-20.0383,148.4489,1,1,1,0.54400003
1463,20-030,Grassy Reef,-20.1495,148.6066,1,1,1,0.052999999
1464,20-031,Roseric Shoal,-20.1841,148.7089,1,1,NA,NA
1465,20-032,Pioneer Rocks Reef,-20.2266,148.7573,1,1,1,-3.161999941
1466,20-033,North Molle Reef,-20.2319,148.8209,1,1,1,-0.015
1467,20-049a,Repair Reef,-20.2968,148.7916,1,1,1,-0.052999999
1468,20-049b,Tancred Reef,-20.2991,148.796,1,1,1,0.237000003
1469,20-050,Alert Bank,-20.3047,148.8466,1,1,NA,NA
1470,20-070,Esk Island Reef,-20.2336,149.0413,1,1,1,0.245000005
1471,20-003b,Gloucester Reef (No 2),-19.9941,148.4691,1,1,1,-0.025
1472,20-003c,Gloucester Reef (No 3),-19.9994,148.4763,1,1,1,-1.692999959
1473,20-003d,Gloucester Reef (No 4),-20.0035,148.4761,1,1,1,-0.180999994
1474,20-003e,Gloucester Reef (No 5),-20.0187,148.475,1,1,1,0.232999995
1475,20-003f,Gloucester Reef (No 6),-20.0267,148.4756,1,1,1,-0.971000016
1476,20-003g,Gloucester Reef (No 7),-20.0302,148.4756,1,1,1,-0.280000001
1477,20-034,Mid Molle Reef,-20.2491,148.8302,1,1,1,0.550999999
1478,20-035a,Daydream Reef (No 1),-20.2534,148.8138,1,1,1,-0.177000001
1479,20-051,White Rock Reef,-20.3029,148.8099,1,1,1,-0.187000006
1480,20-052,U/N Reef,-20.3024,148.7839,1,1,1,-0.035
1481,20-053,Henning Reef,-20.3224,148.9298,1,1,1,0.638000011
1482,20-071,Ireby Reef,-20.2274,149.1425,1,1,1,-0.174999997
1483,20-072,Sillago Reef,-20.2368,149.1603,1,1,1,-2.073999882
1484,20-003h,Gloucester Reef (No 8),-20.042,148.4757,1,1,1,-0.032000002
1485,20-035b,Daydream Reef (No 2),-20.2606,148.8138,1,1,1,-0.056000002
1486,20-035c,Daydream Reef (No 3),-20.2565,148.8148,1,1,1,-0.225999996
1487,20-035d,Daydream Reef (No 4),-20.2534,148.8153,1,1,1,-0.574999988
1488,20-036,Conder Shoal,-20.2422,148.9117,1,1,NA,NA
1489,20-038,U/N Reef,-20.2509,148.7464,1,1,1,0.103
1490,20-039,Hill Rock Reef,-20.2619,148.9107,1,1,1,0.312999994
1491,20-040,Cid Reef,-20.2699,148.9176,1,1,1,0.507000029
1492,20-054,East Rocks Reef,-20.336,148.8607,1,1,1,-1.093999982
1493,20-073,Wirrainbeia Reef,-20.2337,149.142,1,1,1,-0.211999997
1494,20-074,Harold Reef,-20.2396,149.1531,1,1,1,-0.02
1495,20-004,NA,-20.0372,148.2844,0,1,NA,NA
1496,20-005,U/N Reef,-20.0692,148.2665,1,1,1,0.393000007
1497,20-010b,Black Currant-Manta Ray Reef (No 2),-20.0621,148.4721,1,1,1,0.229000002
1498,20-007,Chyebassa Shoal,-20.0764,148.3375,1,1,NA,NA
1499,20-008,Winter Shoal,-20.0734,148.3018,1,1,NA,NA
1500,20-041a,Whitsunday Island Reef (No 1),-20.1945,148.9801,1,1,1,0.606999993
1501,20-041b,Whitsunday Island Reef (No 2),-20.2223,148.9926,1,1,1,-0.046999998
1502,20-041c,Whitsunday Island Reef (No 3),-20.2398,148.9981,1,1,1,0.670000017
1503,20-041d,Whitsunday Island Reef (No 4),-20.2442,149.0127,1,1,1,0.638000011
1504,20-055,Perseverance Reef,-20.3553,148.9922,1,1,1,-0.059999999
1505,20-056,Young Island Reef,-20.3573,148.9969,1,1,1,-0.991999984
1506,20-075a,Edward Island Reef,-20.248,149.1737,1,1,1,0.801999986
1507,20-009,Thomas Reef,-20.0823,148.2955,1,1,1,-0.093999997
1508,20-011,Poole Reef,-20.1083,148.3085,1,1,1,0.237000003
1509,20-041e,Whitsunday Island Reef (No 5),-20.302,149.0547,1,1,1,0.967000008
1510,20-041f,Whitsunday Island Reef (No 6),-20.3128,149.0454,1,1,1,0.63499999
1511,20-041g,Whitsunday Island Reef (No 7),-20.3073,149.042,1,1,1,0.799000025
1512,20-057a,Hamilton Island Reef (No 1),-20.3449,148.9645,1,1,1,0.414000005
1513,20-057b,Hamilton island Reef (No 2),-20.3615,148.9637,1,1,1,0.462000012
1514,20-075b,U/N Reef,-20.255,149.1846,1,1,1,0.805999994
1515,20-076,Lagoon Rock Reef,-20.2667,149.0419,1,1,1,-1.565999985
1516,20-077,U/N Reef,-20.2621,149.0801,1,1,1,0.024
1517,20-078a,Haslewood Island Reef (No 1),-20.2638,149.0931,1,1,1,0.924000025
1518,20-012,Eshelby Reef,-20.0179,148.6239,1,1,1,-0.25
1519,20-013,U/N Reef,-20.0223,148.6263,1,1,1,-3.345999956
1520,20-041h,Whitsunday Island Reef (No 8),-20.3153,148.9833,1,1,1,-0.566999972
1521,20-041j,Whitsunday Island Reef (No 9),-20.314,148.9546,1,1,1,-0.015
1522,20-041k,Whitsunday Island Reef (No 10),-20.2968,148.9507,1,1,1,0.097000003
1523,20-057c,Hamilton Island Reef (No 3),-20.3378,148.9478,1,1,1,0.066
1524,20-057d,Hamilton Island Reef (No 4),-20.3572,148.9466,1,1,1,-0.949000001
1525,20-057e,Hamilton Island Reef (No 5),-20.3641,148.949,1,1,1,0.493999988
1526,20-078b,Haslewood Island Reef (No 2),-20.2749,149.0751,1,1,1,0.527999997
1527,20-078c,Haslewood Island Reef (No 3),-20.2955,149.0732,1,1,1,0.908999979
1528,20-014,Hayman Island Reef,-20.0597,148.8896,1,1,1,0.352999985
1529,20-015a,Saddleback Island Reef (No 1),-20.0645,148.5387,1,1,1,-0.015
1530,20-015b,Saddleback Island Reef (No 2),-20.0604,148.5443,1,1,1,-0.021
1531,19-130,U/N Reef,-19.749,149.3365,1,1,1,-1.411000013
1532,19-131a,U/N Reef,-19.7607,149.3683,1,1,1,-1.710999966
1533,19-131b,U/N Reef,-19.7676,149.3665,1,1,1,-1.84800005
1534,19-131c,U/N Reef,-19.7684,149.3715,1,1,1,-1.919999957
1535,19-131d,U/N Reef,-19.7558,149.3766,1,1,1,-2.121999979
1536,19-131e,U/N Reef,-19.7548,149.3775,1,1,1,-2.230999947
1537,19-131f,U/N Reef,-19.7563,149.3776,1,1,1,-2.118999958
1538,19-131g,U/N Reef,-19.7557,149.3796,1,1,1,-1.988999963
1539,19-132,U/N Reef,-19.7598,149.3998,1,1,1,-1.501000047
1540,19-133,Sinker Reef,-19.7193,149.1989,1,1,1,-1.411000013
1541,19-134,Circular Quay Reef,-19.7438,149.4855,1,1,1,-0.662999988
1542,19-135,Hardy Reef,-19.7604,149.2333,1,1,1,-0.333999991
1543,19-227,U/N Reef,-19.9742,150.3448,1,1,1,-0.953999996
1544,19-228,U/N Reef,-19.9932,150.2393,1,1,1,-0.186000004
1545,19-229,Thompson Shoal,-19.9044,150.3223,1,1,NA,NA
1546,19-230,Blossom Bank (West),-19.7932,150.3495,1,1,NA,NA
1547,19-231,Marilyn Shoal,-19.8113,150.3889,1,1,NA,NA
1548,19-232,Ferris Shoal,-19.8596,150.3701,1,1,NA,NA
1549,19-233,Maschke Shoal,-19.8842,150.3568,1,1,0,-13.98999977
1550,19-234,Blossom Bank (East),-19.7966,150.3633,1,1,NA,NA
1551,19-235,U/N Reef,-19.854,150.3436,1,1,NA,NA
1552,19-236,U/N Reef,-19.4368,149.4111,1,1,0,-11.92099953
1553,19-237,U/N Reef,-19.489,149.4189,1,1,NA,NA
1554,19-238,U/N Reef,-19.4802,149.5187,1,1,0,-13.71500015
1555,18-095,Wheeler Reef,-18.7979,147.5262,1,1,1,-0.074000001
1556,18-096,Davies Reef,-18.8225,147.6448,1,1,1,-1.483999968
1557,18-097,U/N Reef,-18.7972,148.0167,1,1,1,-8.758999825
1558,18-098,U/N Reef,-18.8238,147.9767,1,1,1,-3.305999994
1559,18-099,Saville-Kent Reef,-18.8593,147.8833,1,1,1,-1.284999967
1560,18-100a,(Big) Broadhurst Reef (No 1),-18.907,147.7423,1,1,1,-1.253999949
1561,19-053,U/N Reef,-19.127,148.8195,1,1,1,-1.45599997
1562,19-054,Tiger Reef,-19.2006,148.5487,1,1,1,-1.207000017
1563,19-055,U/N Reef,-19.1463,148.8709,1,1,0,-11.14500046
1564,19-056,U/N Reef,-19.166,148.9288,1,1,1,-1.309999943
1565,19-057,U/N Reef,-19.1977,148.5938,1,1,1,-1.777999997
1566,19-058,U/N Reef,-19.1904,148.9599,1,1,1,-3.256000042
1567,19-059,U/N Reef,-19.1877,148.8801,1,1,1,-1.427000046
1568,19-060,U/N Reef,-19.2032,148.6118,1,1,NA,NA
1569,19-061,Jacqueline Reef,-19.2139,148.9038,1,1,1,-1.312000036
1570,19-136a,Hook Reef,-19.7924,149.1854,1,1,1,-0.996999979
1571,19-136b,Barb Reef,-19.8044,149.1184,1,1,1,-1.197999954
1572,19-136c,U/N Reef,-19.7527,149.1255,1,1,0,-13.82800007
1573,19-137,Bait Reef,-19.8071,149.0736,1,1,1,-0.911000013
1574,19-138,U/N Reef,-19.8006,149.4254,1,1,1,-1.521000028
1575,19-139,U/N Reef,-19.5159,149.5878,1,1,1,-1.100000024
1576,19-140,Gable Reef,-19.5298,149.7432,1,1,1,-1.768000007
1577,19-141,Stucco Reef,-19.5579,149.5975,1,1,1,-0.991999984
1578,19-239,U/N Reef,-19.3914,149.5259,1,1,NA,NA
1579,19-240,U/N Reef,-19.5356,149.5384,1,1,1,-4.137000084
1580,19-241,U/N Reef,-19.339,149.5523,1,1,NA,NA
1581,19-242,U/N Reef,-19.421,149.5789,1,1,NA,NA
1582,19-243,U/N Reef,-19.7629,149.6478,1,1,1,-5.763000011
1583,19-244,U/N Reef,-19.497,149.6521,1,1,NA,NA
1584,19-245,U/N Reef,-19.7828,149.6592,1,1,1,-1.661000013
1585,19-246,U/N Reef,-19.8114,149.668,1,1,1,-0.200000003
1586,19-247,U/N Reef,-19.5385,149.6715,1,1,NA,NA
1587,18-100b,(Big) Broadhurst Reef (No 2),-18.8633,147.6938,1,1,1,-2.802000046
1588,18-101,Judith Wright Reef,-18.8997,147.9513,1,1,1,-1.006999969
1589,18-102,U/N Reef,-18.8948,147.9207,1,1,1,-9.506999969
1590,18-103,U/N Reef,-18.9057,147.8923,1,1,1,-1.812000036
1591,18-104,U/N Reef,-18.9054,147.8682,1,1,0,-10.49199963
1592,18-105a,Banfield Reef (North),-18.9249,147.8969,1,1,1,-1.575999975
1593,18-105b,Banfield Reef (South),-18.9388,147.9093,1,1,1,-1.552999973
1594,18-106,(Little) Broadhurst Reef,-18.9559,147.6945,1,1,1,-1.375
1595,19-062,U/N Reef,-19.2093,148.8164,1,1,1,-7.663000107
1596,19-063a,Kangaroo Reef (East),-19.2627,148.6172,1,1,1,-0.995999992
1597,19-063b,Kangaroo Reef (West),-19.2599,148.5507,1,1,1,-1.343000054
1598,19-064,U/N Reef,-19.2756,148.9848,1,1,1,-5.113999844
1599,19-065,U/N Reef,-19.3199,148.6321,1,1,1,-1.166000009
1600,19-066,U/N Reef,-19.3415,148.6324,1,1,1,-0.76700002
1601,19-142,Lath Reef,-19.5731,149.6611,1,1,1,-1.220000029
1602,19-143,U/N Reef,-19.5851,149.7082,1,1,1,-9.548999786
1603,19-144,U/N Reef,-19.5813,149.568,1,1,1,-1.003000021
1604,19-145,U/N Reef,-19.5883,149.5049,1,1,1,-2.578999996
1605,19-146,Rafter Reef,-19.6106,149.6326,1,1,1,-0.825999975
1606,19-147,Plaster Reef,-19.6296,149.6698,1,1,1,-1.082000017
1607,19-148,Eave Reef,-19.6028,149.7697,1,1,1,-0.899999976
1608,19-149,Brick Reef,-19.61,149.7248,1,1,1,-1.159000039
1609,19-150,U/N Reef,-19.6245,149.7248,1,1,1,-1.620000005
1610,19-248,U/N Reef,-19.977,149.6795,1,1,0,-11.22799969
1611,19-249,U/N Reef,-19.5638,149.685,1,1,0,-14.01500034
1612,19-250,U/N Reef,-19.5031,149.7002,1,1,0,-17.89299965
1613,19-251,U/N Reef,-19.5459,149.7013,1,1,NA,NA
1614,19-252,U/N Reef,-19.6595,149.7086,1,1,1,-1.182000041
1615,19-253,U/N Reef,-19.715,149.7547,1,1,1,-1.55400002
1616,19-254,U/N Reef,-19.7916,149.762,1,1,1,-1.407999992
1617,18-107,U/N Reef,-18.8163,148.0329,1,1,1,-3.713999987
1618,18-108,U/N Reef,-18.8368,148.1289,1,1,1,-8.795000076
1619,18-109,U/N Reef,-18.8366,148.071,1,1,0,-10.73499966
1620,18-110,U/N Reef,-18.8571,148.1646,1,1,1,-6.882999897
1621,18-111,Eagle Reef,-18.8543,148.0787,1,1,1,-0.952000022
1622,18-112,Viper Reef,-18.8731,148.1506,1,1,1,-0.977999985
1623,18-113,U/N Reef,-18.8884,148.1963,1,1,0,-12.68299961
1624,18-114,U/N Reef,-18.8924,148.2452,1,1,0,-18.20199966
1625,18-115,Jupiter Reef,-18.924,148.2531,1,1,1,-1.113999963
1626,18-116,U/N Reef,-18.9334,148.318,1,1,0,-10.71899986
1627,18-117,U/N Reef,-18.9553,148.2898,1,1,0,-12.99499989
1628,19-067,U/N Reef,-19.3592,148.6345,1,1,1,-0.588999987
1629,19-068,U/N Reef,-19.3512,148.6828,1,1,1,-2.772000074
1630,19-069,U/N Reef,-19.3432,148.9899,1,1,1,-8.708000183
1631,19-070,U/N Reef,-19.3519,148.727,1,1,0,-12.06900024
1632,19-071,Wallaby Reef,-19.4239,148.6594,1,1,1,-0.218999997
1633,19-151,Tile Reef,-19.6159,149.85,1,1,1,-0.660000026
1634,19-152,Reimer Reef,-19.633,149.8791,1,1,1,-0.273999989
1635,19-153,U/N Reef,-19.6399,149.7593,1,1,1,-1.031999946
1636,19-154,U/N Reef,-19.6416,149.843,1,1,1,-0.975000024
1637,19-155,U/N Reef,-19.655,149.7196,1,1,1,-0.579999983
1638,19-156,Girder Reef,-19.6642,149.754,1,1,1,-1.154000044
1639,19-157,Little Reef,-19.6671,149.5791,1,1,1,-0.481000006
1640,19-158,U/N Reef,-19.6705,149.6917,1,1,1,-1.106999993
1641,19-255,U/N Reef,-19.7899,149.7621,1,1,1,-1.585999966
1642,19-256,U/N Reef,-19.7914,149.7633,1,1,1,-2.246999979
1643,19-257,U/N Reef,-19.7227,149.7664,1,1,1,-0.657999992
1644,19-258,U/N Reef,-19.7278,149.7756,1,1,NA,NA
1645,19-259,U/N Reef,-19.568,149.7978,1,1,1,-7.143000126
1646,19-260,U/N Reef,-19.9515,149.836,1,1,0,-11.95600033
1647,19-261,U/N Reef,-19.9398,149.8442,1,1,0,-18.1989994
1648,19-262,U/N Reef,-19.6052,149.8712,1,1,1,-9.996999741
1649,19-263,U/N Reef,-19.6217,149.8806,1,1,1,-6.250999928
1650,19-264,U/N Reef,-19.6784,149.9078,1,1,NA,NA
1651,19-265,U/N Reef,-19.651,149.9184,1,1,0,-17.93099976
1652,19-266,U/N Reef,-19.664,149.9499,1,1,1,-4.59100008
1653,18-118,Shrimp Reef,-18.9692,148.053,1,1,1,-1.14199996
1654,18-119,Lion Reef,-18.9505,148.3766,1,1,1,-2.296999931
1655,18-120,Jaguar Reef,-18.9757,148.4268,1,1,1,-1.065000057
1656,18-121a,Hall Reef (North),-18.632,147.5136,1,1,0,-13.71399975
1657,18-121b,Hall Reef (South),-18.6733,147.4896,1,1,NA,NA
1658,18-122,U/N Reef,-18.9251,148.5454,1,1,NA,NA
1659,18-123,U/N Reef,-18.9876,148.4842,1,1,0,-19.74699974
1660,18-124,U/N Reef,-18.3849,147.3901,1,1,0,-20.96699905
1661,19-072a,Gould Reef (No 1),-19.3754,148.7792,1,1,1,-1.539000034
1662,19-072b,Gould Reef (No 2),-19.4563,148.7217,1,1,1,-1.25999999
1663,19-072c,Gould Reef (No 3),-19.5026,148.736,1,1,1,-0.58099997
1664,19-072d,Gould Reef (No 4),-19.498,148.7849,1,1,1,-1.171000004
1665,19-159,Slate Reef,-19.667,149.9265,1,1,1,-0.264999986
1666,19-160,U/N Reef,-19.6586,149.9523,1,1,1,-5.197000027
1667,19-161,U/N Reef,-19.683,149.6524,1,1,1,-1.004999995
1668,19-162,U/N Reef,-19.682,149.5259,1,1,NA,NA
1669,19-163,U/N Reef,-19.6914,149.5381,1,1,1,-1.822999954
1670,19-164,U/N Reef,-19.6889,149.7284,1,1,1,-0.395000011
1671,18-032,Rib Reef,-18.4827,146.8712,1,1,1,-1.274000049
1672,18-033,Pith Reef,-18.2089,147.0161,1,1,1,-1.289000034
1673,18-034,Myrmidon Reef,-18.2657,147.3842,1,1,1,-0.829999983
1674,18-035,Thread Shoal,-18.3434,147.1747,1,1,0,-14.08600044
1675,18-036,Urchin Shoal,-18.3471,147.0812,1,1,0,-12.92399979
1676,18-125,U/N Reef,-18.5479,147.4173,1,1,NA,NA
1677,18-126,U/N Reef,-18.5517,147.4417,1,1,NA,NA
1678,18-127,U/N Reef,-18.5645,147.4777,1,1,1,-8.612999916
1679,18-128,U/N Reef,-18.4251,147.5818,1,1,0,-23.39699936
1680,18-129,U/N Reef,-18.4912,147.8017,1,1,NA,NA
1681,18-130,U/N Reef,-18.8255,148.0992,1,1,0,-16.11499977
1682,18-131,U/N Reef,-18.7894,148.1201,1,1,0,-12.14099979
1683,18-132,U/N Reef,-18.8202,148.1813,1,1,0,-17.1779995
1684,18-133,U/N Reef,-18.8474,148.2452,1,1,0,-21.22500038
1685,18-134,U/N Reef,-18.8766,148.2948,1,1,NA,NA
1686,19-072e,Gould Reef (No 5),-19.4531,148.7893,1,1,1,-0.078000002
1687,19-073,U/N Reef,-19.4106,148.9986,1,1,0,-15.25199986
1688,19-074a,Cobham Reef (North),-19.3979,148.8709,1,1,1,-1.350999951
1689,19-074b,Cobham Reef (South),-19.4357,148.8544,1,1,1,-1.113999963
1690,19-165,U/N Reef,-19.6975,149.8011,1,1,1,-0.913999975
1691,19-166,U/N Reef,-19.6988,149.9096,1,1,1,-1.949000001
1692,19-167,Thatch Reef,-19.6927,149.978,1,1,1,0.103
1693,19-168,U/N Reef,-19.712,149.6107,1,1,1,-0.458000004
1694,19-169,U/N Reef,-19.7205,149.6128,1,1,1,-0.875
1695,19-170,U/N Reef,-19.7053,149.6864,1,1,0,-11.91300011
1696,19-171,U/N Reef,-19.7085,149.7428,1,1,1,-1.396999955
1697,19-172,U/N Reef,-19.7106,149.759,1,1,1,-0.021
1698,18-037,Needle Reef,-18.3612,147.2054,1,1,1,-1.199000001
1699,18-038,Thimble Shoal,-18.3737,147.2588,1,1,NA,NA
1700,18-039,Dip Reef,-18.4138,147.4487,1,1,1,-0.67900002
1701,18-040,Arab Reef,-18.4149,147.1394,1,1,1,-1.254999995
1702,18-041,Faraday Reef,-18.4223,147.3492,1,1,1,-1.478999972
1703,18-042,Roxburgh Reef,-18.4318,147.0581,1,1,1,-1.503000021
1704,18-043,Fore And Aft Reef,-18.5048,147.0377,1,1,1,-1.389999986
1705,18-135,U/N Reef,-18.8773,148.3925,1,1,0,-12.27600002
1706,18-136,U/N Reef,-18.8935,148.4426,1,1,NA,NA
1707,18-137,U/N Reef,-18.9056,148.4833,1,1,NA,NA
1708,18-138,U/N Reef,-18.1568,146.9695,1,1,0,-17.5510006
1709,18-139,U/N Reef,-18.1461,146.9787,1,1,0,-13.97399998
1710,18-800,U/N Reef,-18.9375,146.3462,1,1,1,-1.199000001
1711,19-001,Bramble Rock Reef,-19.0226,146.6277,1,1,1,0.321999997
1712,19-075,Martin Reef,-19.4805,148.8241,1,1,1,-1.411000013
1713,19-076,Showers Reef,-19.4914,148.8986,1,1,1,-0.463999987
1714,19-077,U/N Reef,-19.2047,149.0201,1,1,1,-1.215999961
1715,19-078,U/N Reef,-19.2267,149.0943,1,1,1,-1.067999959
1716,19-079,U/N Reef,-19.2785,149.0966,1,1,1,-9.895999908
1717,19-080,U/N Reef,-19.2832,149.0638,1,1,0,-10.39099979
1718,19-173,U/N Reef,-19.7116,149.7667,1,1,1,-5.515999794
1719,19-174,U/N Reef,-19.7166,149.8077,1,1,1,-6.846000195
1720,19-175,U/N Reef,-19.7087,149.9248,1,1,1,-0.931999981
1721,19-176,U/N Reef,-19.719,149.9759,1,1,1,-1.404999971
1722,19-177,Crab Reef,-19.7245,149.7086,1,1,1,-1.161000013
1723,19-178,U/N Reef,-19.7367,149.9611,1,1,1,-0.925000012
1724,19-179,Howse Reef,-19.7426,149.7866,1,1,1,-1.100000024
1725,18-044,Westmoreland Reef,-18.4925,147.1023,1,1,1,-1.531000018
1726,18-045,Cotton Shoal,-18.4788,147.4,1,1,1,-9.145999908
1727,18-046,Coil Reef,-18.4349,147.5224,1,1,1,-0.231999993
1728,18-048,Pelorus (North Palm or Yanooa) Reef,-18.5564,146.4889,1,1,1,0.162
1729,18-049a,Orpheus (Goolboddi) Island Reef (No 1),-18.6021,146.4875,1,1,1,-0.061999999
1730,19-002,Herald Island Reef,-19.0283,146.6296,1,1,1,-0.711000025
1731,19-003,Rattlesnake Island Reef,-19.0381,146.6094,1,1,1,-0.472000003
1732,19-004,Lorne Reef,-19.0345,146.5867,1,1,NA,NA
1733,19-005,Paluma Shoals,-19.0981,146.5611,1,1,1,-3.33100009
1734,19-006,Orchard Rocks Reef,-19.1088,146.8807,1,1,1,-0.165999994
1735,19-081,Ellen Reef,-19.3108,149.2435,1,1,1,-1.190000057
1736,19-082,Elizabeth Reef,-19.3258,149.043,1,1,1,-0.990999997
1737,19-083,U/N Reef,-19.3332,149.188,1,1,0,-13.84200001
1738,19-084,U/N Reef,-19.3422,149.2151,1,1,1,-8.085000038
1739,19-085,U/N Reef,-19.3516,149.1585,1,1,0,-16.49500084
1740,19-086,U/N Reef,-19.35,149.0255,1,1,0,-21.72200012
1741,19-087,U/N Reef,-19.3711,149.0314,1,1,1,-6.59499979
1742,19-088,U/N Reef,-19.3592,149.0971,1,1,1,-9.142000198
1743,19-089,U/N Reef,-19.3603,149.1144,1,1,1,-9.772000313
1744,19-180,Gargoyle Reef,-19.7409,149.6834,1,1,1,-1.085999966
1745,19-181,U/N Reef,-19.7579,149.6173,1,1,1,-0.920000017
1746,19-182,U/N Reef,-19.7551,149.7296,1,1,1,-1.136999965
1747,19-183,U/N Reef,-19.7581,149.654,1,1,1,-7.445000172
1748,19-184,U/N Reef,-19.7645,149.6562,1,1,1,-1.126999974
1749,19-185,U/N Reef,-19.766,149.6594,1,1,0,-16.28199959
1750,19-186,U/N Reef,-19.7684,149.7252,1,1,1,-0.592999995
1751,19-187,Hewitt Reef,-19.7841,149.6238,1,1,1,-0.479000002
1752,19-188,U/N Reef,-19.7832,149.7621,1,1,1,-0.786000013
1753,18-049b,Orpheus (Goolboddi) Island Reef (No 2),-18.6339,146.4949,1,1,1,0.128999993
1754,18-049c,Orpheus (Goolboddi) Island Reef (No 3),-18.6582,146.4892,1,1,1,-0.004
1755,18-049d,Orpheus (Goolboddi) Island Reef (No 4),-18.6393,146.506,1,1,1,-0.006
1756,18-049e,Orpheus (Goolboddi) Island Reef (No 5),-18.5933,146.4984,1,1,1,0.268999994
1757,18-050,Lady Elliot Reef,-18.6825,146.331,1,1,1,-2.188999891
1758,18-051,Pandora Reef,-18.8123,146.4337,1,1,1,0.268000007
1759,18-052a,Curacoa (Noogoo) Reef (No 1),-18.665,146.5632,1,1,1,-0.002
1760,19-009a,Cockle Bay Reef,-19.1682,146.81,1,1,1,0.351000011
1761,19-009b,Magnetic Island Reef (No 1),-19.1664,146.8504,1,1,1,-0.009
1762,19-009c,Magnetic Island Reef (No 2),-19.1542,146.8646,1,1,1,0.221000001
1763,19-009d,Magnetic Island Reef (No 3),-19.1215,146.881,1,1,1,-0.169
1764,19-009e,Magnetic Island Reef (No 4),-19.1172,146.8822,1,1,1,-0.089000002
1765,19-009f,Magnetic Island Reef (No 5),-19.1113,146.8622,1,1,1,0.189999998
1766,19-090,U/N Reef,-19.3727,149.0716,1,1,0,-11.01399994
1767,19-091,Eulalie Reef,-19.3414,149.4162,1,1,1,-0.906000018
1768,19-092,U/N Reef,-19.3689,149.1849,1,1,0,-13.03199959
1769,19-093,U/N Reef,-19.3949,149.0366,1,1,0,-10.65200043
1770,19-094,U/N Reef,-19.4429,149.4508,1,1,0,-17.47299957
1771,19-095,U/N Reef,-19.4591,149.226,1,1,1,-1.215999961
1772,19-189,U/N Reef,-19.7905,149.6954,1,1,1,-0.985000014
1773,19-190,U/N Reef,-19.8055,149.7053,1,1,1,-1.241000056
1774,19-191,U/N Reef,-19.8029,149.7215,1,1,0,-10.08600044
1775,19-192,U/N Reef,-19.818,149.616,1,1,1,-1.322999954
1776,19-193,U/N Reef,-19.8378,149.7326,1,1,1,-7.414000034
1777,18-052b,Curacoa (Noogoo) Reef (No 2),-18.6776,146.555,1,1,1,0.116999999
1778,18-053,Fantome (Eumilli) Island Reef,-18.6767,146.5116,1,1,1,0.244000003
1779,18-054a,Great Palm Island Reef (No 1),-18.7169,146.5761,1,1,1,0.270999998
1780,19-009g,Magnetic Island Reef (No 6),-19.1163,146.8152,1,1,1,-0.109999999
1781,19-009h,Magnetic Island Reef (No 7),-19.1087,146.8328,1,1,1,-0.078000002
1782,19-009j,Magnetic Island Reef (No 8),-19.1194,146.7887,1,1,1,-0.050000001
1783,19-010,U/N Reef,-19.1853,146.8348,1,1,1,-1.68900001
1784,19-011,Middle Reef,-19.1977,146.8146,1,1,1,-1.559000015
1785,19-012,Virago Shoal,-19.2097,146.7933,1,1,1,-1.878999949
1786,19-013,Salamander Reef,-19.1794,147.0656,1,1,NA,NA
1787,19-096,Kennedy Reef,-19.4516,149.1563,1,1,1,-0.479999989
1788,19-097,Net Reef,-19.4988,149.0538,1,1,1,-0.648000002
1789,19-194,U/N Reef,-19.8264,149.7765,1,1,1,-0.629999995
1790,19-195,Napier Reef,-19.8457,149.8949,1,1,1,-0.819000006
1791,19-196,U/N Reef,-19.8592,149.5997,1,1,1,-3.819000006
1792,19-197,Ross Reef,-19.8727,149.5813,1,1,1,-1.133000016
1793,19-198,U/N Reef,-19.88,149.7188,1,1,1,-1.371000051
1794,19-199,U/N Reef,-19.8956,149.6976,1,1,0,-10.1789999
1795,18-054b,Great Palm Island Reef (No 2),-18.7654,146.6103,1,1,1,0.268000007
1796,18-054c,Great Palm Island Reef (No 3),-18.7647,146.6788,1,1,1,0.26699999
1797,18-054d,Great Palm Island Reef (No 4),-18.7509,146.692,1,1,1,-0.002
1798,18-054e,Great Palm Island Reef (No 5),-18.7415,146.6447,1,1,1,0.096000001
1799,18-054f,Great Palm Island Reef (No 6),-18.6951,146.5987,1,1,1,-0.002
1800,18-054g,Great Palm Island Reef (No 7),-18.6823,146.5835,1,1,1,-0.001
1801,19-016,Bray Reef,-19.2464,147.0628,1,1,1,-0.077
1802,19-018,Bald Reef,-19.2732,147.0629,1,1,1,-0.305999994
1803,19-019,Bowden Reef,-19.0327,147.9277,1,1,1,-1.460999966
1804,19-020,Morinda Shoal,-19.1413,147.6366,1,1,0,-15.37800026
1805,19-021,Tink Shoal,-19.3617,147.858,1,1,0,-18.38199997
1806,19-022,Wilson Shoal,-19.359,147.9428,1,1,0,-11.88000011
1807,19-098,Wansfell Reef,-19.5001,149.1193,1,1,1,-1.085999966
1808,19-099,Joist Reef,-19.4602,149.6323,1,1,1,-1.042999983
1809,19-101,U/N Reef,-19.727,147.7591,1,1,1,0.238000005
1810,19-102,Camp Reef,-19.8536,147.8958,1,1,1,-0.046
1811,19-103a,Holbourne Island Reef (No 1),-19.725,148.3573,1,1,1,-0.025
1812,19-200,U/N Reef,-19.9168,149.8289,1,1,0,-11.22399998
1813,19-201,U/N Reef,-19.9407,149.7794,1,1,0,-10.9090004
1814,19-202,U/N Reef,-19.9276,149.7917,1,1,1,-9.970999718
1815,19-203,U/N Reef,-19.9435,149.7452,1,1,1,-9.142000198
1816,19-204,Round Reef,-19.9652,149.6239,1,1,1,-1.101999998
1817,18-058,Eclipse (Garoogubbee) Reef,-18.7688,146.5501,1,1,1,-0.005
1818,18-059,Esk (Soopun) Reef,-18.7742,146.5207,1,1,1,0.160999998
1819,18-061,Barber (Boodthean) Reef,-18.7771,146.666,1,1,1,-0.136999995
1820,18-062,Brisk-Falcon Reef,-18.7773,146.5354,1,1,1,0.268000007
1821,18-064,Fly Island Reef,-18.8294,146.5254,1,1,1,0.157000005
1822,19-023,Pakhoi Bank,-19.4468,147.8829,1,1,0,-20.95899963
1823,19-024,Prawn Reef,-19.0206,148.0967,1,1,1,-1.138000011
1824,19-025,Castor Reef,-19.0153,148.3407,1,1,1,-1.355999947
1825,19-026,U/N Reef,-19.036,148.4293,1,1,1,-2.052999973
1826,19-027,Pollux Reef,-19.0473,148.3041,1,1,1,-1.378999949
1827,19-028,Shell Reef,-19.0593,148.1816,1,1,1,-1.396999955
1828,19-029,Mid Reef,-19.0706,148.0774,1,1,1,-1.332999945
1829,19-103b,Holbourne Island Reef (No 2),-19.7291,148.3637,1,1,1,-0.140000001
1830,19-106,Middle Island Reef,-19.9884,148.3638,1,1,1,-0.003
1831,19-205a,Tideway Reef (No 1),-20.0102,149.7246,1,1,1,-0.437000006
1832,19-205b,Tideway Reef (No 2),-19.9975,149.755,1,1,1,-8.680000305
1833,19-205c,Tideway Reef (No 3),-19.9767,149.733,1,1,1,-1.355000019
1834,19-206,U/N Reef,-19.7096,150.0067,1,1,1,-0.873000026
1835,18-065,Havannah Reef,-18.843,146.5376,1,1,1,0.214000002
1836,18-066,Acheron Reef,-18.9638,146.6309,1,1,1,0.014
1837,18-067,Phillips Reef,-18.9762,146.6192,1,1,NA,NA
1838,18-068,Cordelia Rocks Reef,-18.9957,146.6848,1,1,1,0.481999993
1839,18-069a,Backnumbers Reef,-18.5088,147.1483,1,1,1,-1.014000058
1840,18-069b,Braggs Reef,-18.5473,147.1398,1,1,1,-1.598999977
1841,19-030,U/N Reef,-19.0812,148.2013,1,1,1,-3.582000017
1842,19-031,Crotan Reef,-19.0774,148.2311,1,1,1,-1.616000056
1843,19-032,U/N Reef,-19.0932,148.2468,1,1,1,-1.690999985
1844,19-033,U/N Reef,-19.0934,148.267,1,1,1,-5.181000233
1845,19-034,Tabias Reef,-19.0956,148.287,1,1,1,-1.518000007
1846,19-035,U/N Reef,-19.0831,148.4611,1,1,1,-8.784999847
1847,19-036,U/N Reef,-19.0961,148.3225,1,1,1,-3.471999884
1848,19-037,U/N Reef,-19.1044,148.3063,1,1,1,-4.867000103
1849,19-038a,Dingo Reef (No 1),-19.1944,148.2981,1,1,1,-1.271000028
1850,19-107,Seagull Reef,-19.524,148.979,1,1,1,-1.317999959
1851,19-108,U/N Reef,-19.5305,148.8815,1,1,1,-1.338999987
1852,19-109a,Fairey Reef (No 1),-19.5386,148.9434,1,1,1,-1.322999954
1853,19-109b,Fairey Reef (No 2),-19.5609,148.9358,1,1,1,-1.559999943
1854,19-207,Hyde Reef,-19.7562,150.0855,1,1,1,-0.395999998
1855,19-208,U/N Reef,-19.7859,150.1234,1,1,1,-0.904999971
1856,19-209,Rebe Reef,-19.7989,150.1529,1,1,1,-0.252000004
1857,19-210,U/N Reef,-19.8138,150.0976,1,1,1,-0.991999984
1858,18-070,Arc Reef,-18.497,147.4455,1,1,1,-1.774000049
1859,18-071,Glow Reef,-18.5281,147.4026,1,1,1,-1.718000054
1860,18-072,French Reef,-18.5467,147.2318,1,1,1,-8.38599968
1861,18-073,Hopkinson Reef,-18.5506,147.1928,1,1,1,-0.907999992
1862,18-074,Yankee Reef,-18.5613,147.4989,1,1,1,-1.343000054
1863,18-075,John Brewer Reef,-18.6311,147.053,1,1,1,-1.256000042
1864,18-076,Helix Reef,-18.6246,147.2984,1,1,1,-1.59800005
1865,18-077,Grub Reef,-18.6255,147.426,1,1,1,-1.45599997
1866,19-038b,Dingo Reef (No 2),-19.1707,148.3871,1,1,1,-1
1867,19-038c,Dingo Reef (No 3),-19.1453,148.2958,1,1,1,-1.590000033
1868,19-038d,Dingo Reef (No 4),-19.1113,148.3448,1,1,1,-1.687999964
1869,19-038e,Dingo Reef (No 5),-19.1205,148.3848,1,1,1,-1.488999963
1870,19-109c,Fairey Reef (No 3),-19.5787,148.9442,1,1,1,-1.419999957
1871,19-110,Rattray Reef,-19.9965,148.5547,1,1,1,-0.022
1872,19-111,U/N Reef,-19.5197,149.2216,1,1,1,-1.106999993
1873,19-112,U/N Reef,-19.5313,149.2309,1,1,1,-1.019999981
1874,19-113,U/N Reef,-19.528,149.0022,1,1,1,-0.324000001
1875,19-211,Wackett Reef,-19.823,150.0762,1,1,1,-0.609000027
1876,19-212,Oom Reef,-19.8283,150.1833,1,1,1,-0.884000003
1877,19-213,U/N Reef,-19.833,150.1008,1,1,1,-1.498999953
1878,19-214,Wyatt Earp Reef,-19.8657,150.2199,1,1,1,-0.349999994
1879,19-215a,Sharon Shoal (No 1),-19.8793,150.2878,1,1,1,-4.831999779
1880,19-215b,Sharon Shoal (No 2),-19.8658,150.2804,1,1,0,-12.24100018
1881,19-215c,Sharon Shoal (No 3),-19.8536,150.2971,1,1,NA,NA
1882,18-078,Lodestone Reef,-18.6902,147.1031,1,1,1,-0.933000028
1883,18-079,Keeper Reef,-18.7461,147.2683,1,1,1,-1.144000053
1884,18-080,Bowl Reef,-18.4994,147.5389,1,1,1,-0.360000014
1885,18-081,Knife Reef,-18.5764,147.5715,1,1,1,-1.04400003
1886,18-082,Cowboys Reef,-18.5816,147.8412,1,1,1,-5.78000021
1887,18-083,Fork Reef,-18.6083,147.5545,1,1,1,-1.059999943
1888,19-038f,Dingo Reef (No 6),-19.1384,148.4755,1,1,1,-1.25
1889,19-039,U/N Reef,-19.1219,148.1886,1,1,1,-1.675999999
1890,19-040,U/N Reef,-19.1315,148.1804,1,1,1,-1.741000056
1891,19-041,U/N Reef,-19.1831,148.1596,1,1,1,-1.768000007
1892,19-042,U/N Reef,-19.1955,148.0721,1,1,1,-2.569999933
1893,19-114,U/N Reef,-19.539,149.0437,1,1,1,-0.787
1894,19-115,U/N Reef,-19.5559,149.0392,1,1,0,-10.125
1895,19-116,Knuckle Reef,-19.534,149.2729,1,1,1,-1.113999963
1896,19-117,U/N Reef,-19.5321,149.3664,1,1,1,-0.842000008
1897,19-118a,U/N Reef,-19.5329,149.3953,1,1,1,-0.024
1898,19-118b,U/N Reef,-19.5377,149.3876,1,1,1,-6.84499979
1899,19-118c,U/N Reef,-19.516,149.3897,1,1,1,-8.168999672
1900,19-118d,U/N Reef,-19.5351,149.3912,1,1,1,-4.5
1901,19-215d,Sharon Shoal (No 4),-19.8708,150.3051,1,1,0,-11.54699993
1902,19-216,U/N Reef,-19.8892,150.2485,1,1,1,-0.472000003
1903,19-217,U/N Reef,-19.8934,150.293,1,1,1,-6.413000107
1904,19-218,Williams Reef,-19.9027,150.1626,1,1,1,-0.850000024
1905,19-219,Conder Reef,-19.9214,150.1999,1,1,1,-0.953999996
1906,18-084a,Cup Reef (North),-18.6074,147.6333,1,1,1,-1.465999961
1907,18-084b,Cup Reef (South),-18.6416,147.598,1,1,1,-1.695000052
1908,18-084c,Saucer Reef,-18.6578,147.615,1,1,1,-2.660000086
1909,18-085a,Spoon Reef (North),-18.6576,147.5657,1,1,1,-1.638000011
1910,18-085b,Spoon Reef (South),-18.6686,147.5639,1,1,1,-7.913000107
1911,18-086,Chicken Reef,-18.6465,147.7172,1,1,1,-0.947000027
1912,18-087,Anzac Reefs (No 1),-18.6939,147.8569,1,1,1,-6.032000065
1913,19-043,Darley Reef,-19.1969,148.1833,1,1,1,-0.995000005
1914,19-044,Faith Reef,-19.2787,148.3498,1,1,1,-1.315000057
1915,19-045,Stanley Reef,-19.2946,148.0796,1,1,1,-1.148000002
1916,19-118e,U/N Reef,-19.5435,149.3964,1,1,1,-7.205999851
1917,19-118f,U/N Reef,-19.5281,149.3978,1,1,1,-2.522000074
1918,19-119,U/N Reef,-19.5448,149.3754,1,1,1,-0.939999998
1919,19-120,Outlier Reef,-19.5473,149.3529,1,1,1,-0.700999975
1920,19-121,U/N Reef,-19.5483,149.4338,1,1,1,-3.092999935
1921,19-122,U/N Reef,-19.5789,149.2478,1,1,1,-1.514999986
1922,19-123,U/N Reef,-19.5886,149.2372,1,1,1,-1.243000031
1923,19-124,U/N Reef,-19.5712,149.4944,1,1,1,-5.456999779
1924,19-220,White Tip Reef,-19.9114,150.2711,1,1,1,-0.67900002
1925,19-221,Bond Reef,-19.9257,150.3138,1,1,1,-0.86500001
1926,19-222,Abott Reef,-19.9375,150.3311,1,1,1,-0.143000007
1927,19-223,U/N Reef,-19.9426,150.1787,1,1,1,-1.577000022
1928,19-224,U/N Reef,-19.9449,150.3348,1,1,1,-0.028999999
1929,19-225,U/N Reef,-19.9541,150.3492,1,1,1,-0.649999976
1930,19-226,Kerwin Reef,-19.9563,150.2074,1,1,1,-0.684000015
1931,18-088,Centipede Reef,-18.7218,147.5423,1,1,1,-1.470000029
1932,18-089,Anzac Reefs (No 2),-18.7208,147.889,1,1,1,-0.925999999
1933,18-090,Anzac Reefs (No 3),-18.7315,147.8416,1,1,1,-1.271000028
1934,18-091,Lynchs Reef,-18.7698,147.7084,1,1,1,-1.361999989
1935,18-092,Anzac Reefs (No 4),-18.7504,147.946,1,1,1,-2.990999937
1936,18-093,Anzac Reefs (No 5),-18.7646,147.9341,1,1,1,-1.037999988
1937,18-094,Anzac Reefs (No 6),-18.7741,147.8735,1,1,1,-1.279999971
1938,19-046,Hope Reef,-19.3216,148.4359,1,1,1,-1.210000038
1939,19-047,Charity Reef,-19.3669,148.338,1,1,1,-1.17900002
1940,19-048,Old Reef,-19.3834,148.0894,1,1,1,-0.994000018
1941,19-049,Lynx Reef,-19.0316,148.5639,1,1,1,-0.987999976
1942,19-050,Leopard Reef,-19.0864,148.6921,1,1,1,-1.345999956
1943,19-051,U/N Reef,-19.1125,148.6888,1,1,1,-1.286000013
1944,19-052,U/N Reef,-19.1193,148.9068,1,1,1,-1.355000019
1945,19-125,U/N Reef,-19.5892,149.4135,1,1,1,-7.157999992
1946,19-126,U/N Reef,-19.6451,149.4181,1,1,1,-0.939999998
1947,19-127,Block Reef,-19.6973,149.3737,1,1,1,-0.735000014
1948,19-128,Line Reef,-19.69,149.1835,1,1,1,-1.264000058
1949,19-129,U/N Reef,-19.7504,149.3028,1,1,1,-0.995000005
1950,20-608,U/N Reef,-20.0531,150.5905,1,1,0,-10.10599995
1951,20-609,U/N Reef,-20.1051,150.6053,1,1,1,-8.569999695
1952,20-610,U/N Reef,-20.0229,150.6121,1,1,0,-17.00099945
1953,20-611,U/N Reef,-20.1031,150.6127,1,1,0,-12.47500038
1954,20-612,U/N Reef,-20.0784,150.6154,1,1,1,-9.56400013
1955,20-613,U/N Reef,-20.1055,150.6215,1,1,1,-9.305999756
1956,20-614,U/N Reef,-20.1096,150.6338,1,1,1,-9.793999672
1957,20-615,U/N Reef,-20.0732,150.644,1,1,0,-12.10400009
1958,20-616,U/N Reef,-20.0916,150.6448,1,1,0,-14.22200012
1959,20-617,U/N Reef,-20.1433,150.6628,1,1,0,-11.09200001
1960,20-618,U/N Reef,-20.1553,150.6763,1,1,1,-9.118000031
1961,20-619,U/N Reef,-20.1411,150.6822,1,1,0,-14.29199982
1962,21-045,Hull Reef,-21.4655,149.8838,1,1,1,-0.238999993
1963,21-046,Elamang Reef,-21.4714,149.6643,1,1,1,1.072999954
1964,21-047,Still Reef,-21.4762,149.9247,1,1,1,-7.40500021
1965,21-048,Henderson Reef,-21.4816,149.9112,1,1,1,-0.030999999
1966,20-342,U/N Reef,-20.7679,150.9543,1,1,1,-1.06099999
1967,20-343,U/N Reef,-20.7688,150.9075,1,1,1,-1.452000022
1968,20-344,U/N Reef,-20.7804,150.8964,1,1,1,-1.77699995
1969,20-345,U/N Reef,-20.7983,150.8141,1,1,1,-1.370000005
1970,20-346,U/N Reef,-20.8062,150.8935,1,1,1,-1.215000033
1971,20-347,U/N Reef,-20.8635,150.9861,1,1,1,-1.388000011
1972,20-348,U/N Reef,-20.8871,150.9532,1,1,1,-1.292000055
1973,20-349,U/N Reef,-20.9046,150.6232,1,1,1,-1.511000037
1974,20-350,U/N Reef,-20.8321,151.0034,1,1,1,-1.575999975
1975,20-444,U/N Reef,-20.9209,152.1759,1,0,0,-12.62199974
1976,20-445,U/N Reef,-20.9163,152.2118,1,0,0,-20.23900032
1977,20-446,U/N Reef,-20.9204,152.2227,1,0,0,-16.86100006
1978,20-447,U/N Reef,-20.941,152.229,1,0,1,-8.619000435
1979,20-448,U/N Reef,-20.9223,152.2346,1,0,0,-21.06800079
1980,20-449,U/N Reef,-20.9252,152.2462,1,0,NA,NA
1981,20-450,U/N Reef,-20.9328,152.2585,1,0,0,-20.98200035
1982,20-451,U/N Reef,-20.9643,152.3273,1,0,1,-9.774999619
1983,20-620,U/N Reef,-20.0749,148.5447,1,1,1,-1.779999971
1984,20-621,U/N Reef,-20.0724,148.5542,1,1,1,-0.375999987
1985,20-622,U/N Reef,-20.094,148.5551,1,1,1,0.230000004
1986,20-624,U/N Reef,-20.2115,148.6651,1,1,1,-0.006
1987,21-049,Keelan Reef,-21.4895,149.9204,1,1,1,-0.045000002
1988,21-050,Noel Reef,-21.4941,149.8933,1,1,1,1.072999954
1989,21-051,Penn Reef,-21.4953,149.9297,1,1,1,-0.157000005
1990,21-052,Digby Reef,-21.4996,149.9135,1,1,1,-0.023
1991,20-351a,Pompey Reef (No 1),-20.9408,150.5352,1,1,1,-1.470000029
1992,20-351b,Pompey Reef (No 2),-20.9837,150.5285,1,1,1,-1.917999983
1993,20-351c,Pompey Reef (No 3),-21.0117,150.521,1,1,1,-1.547999978
1994,20-352,U/N Reef,-20.9522,150.659,1,1,1,-1.781999946
1995,20-353,U/N Reef,-20.9645,150.918,1,1,1,-1.730000019
1996,20-452,U/N Reef,-20.1842,150.5148,1,1,NA,NA
1997,20-453,U/N Reef,-20.3598,150.5562,1,1,1,-1.562999964
1998,20-454,U/N Reef,-20.3252,150.5597,1,1,1,-1.123000026
1999,20-455,U/N Reef,-20.3202,150.5626,1,1,1,-1.08099997
2000,20-456,U/N Reef,-20.4429,150.5777,1,1,1,-1.309999943
2001,20-457,U/N Reef,-20.2108,150.5852,1,1,0,-10.03199959
2002,20-458,U/N Reef,-20.4495,150.5898,1,1,1,-8.173000336
2003,20-459,U/N Reef,-20.3776,150.5948,1,1,1,-1.534000039
2004,20-460,U/N Reef,-20.587,150.6017,1,1,NA,NA
2005,20-626,U/N Reef,-20.1864,148.6743,1,1,1,-0.061000001
2006,20-628,U/N Reef,-20.2596,148.7758,1,1,1,0.002
2007,20-629,U/N Reef,-20.2757,148.7892,1,1,1,0.004
2008,21-053,Sandpiper Reef,-21.0259,150.0818,1,1,1,-0.860000014
2009,21-054,Prince Reef,-21.0655,150.2562,1,1,1,-1.43900001
2010,21-055,Alarm Reef,-21.1151,150.2389,1,1,1,-5.808000088
2011,21-056a,U/N Reef,-21.0512,150.5086,1,1,1,-2.029000044
2012,21-056b,U/N Reef,-21.079,150.4547,1,1,1,-1.302000046
2013,20-354,U/N Reef,-20.9731,150.952,1,1,1,-1.5
2014,20-355,U/N Reef,-20.5388,151.0149,1,1,0,-10.49300003
2015,20-356,U/N Reef,-20.5309,151.0876,1,1,NA,NA
2016,20-357,U/N Reef,-20.6192,151.0013,1,1,0,-12.48499966
2017,20-358,U/N Reef,-20.64,151.0318,1,1,1,-7.495999813
2018,20-359,U/N Reef,-20.6553,151.045,1,1,1,-8.354999542
2019,20-360,U/N Reef,-20.6788,151.0141,1,1,1,-5.400000095
2020,20-361,U/N Reef,-20.695,150.995,1,1,1,-0.89200002
2021,20-362,U/N Reef,-20.6852,151.0362,1,1,1,-7.413000107
2022,20-363,U/N Reef,-20.6695,151.0743,1,1,1,-4.712999821
2023,20-461,U/N Reef,-20.2727,150.606,1,1,NA,NA
2024,20-462,U/N Reef,-20.3274,150.6086,1,1,1,-1.799999952
2025,20-463,U/N Reef,-20.442,150.6302,1,1,1,-1.621999979
2026,20-464,U/N Reef,-20.3726,150.6315,1,1,1,-1.43900001
2027,20-465,U/N Reef,-20.3807,150.6326,1,1,1,-0.95599997
2028,20-466,U/N Reef,-20.2691,150.6353,1,1,1,-8.343999863
2029,20-467,U/N Reef,-20.3775,150.6361,1,1,1,-0.495999992
2030,20-468,U/N Reef,-20.2386,150.6374,1,1,0,-10.42399979
2031,20-469,U/N Reef,-20.4999,150.6504,1,1,1,-0.773999989
2032,20-470,U/N Reef,-20.471,150.6771,1,1,1,-0.727999985
2033,20-471,U/N Reef,-20.481,150.6786,1,1,1,-1.567000031
2034,20-630,U/N Reef,-20.2774,148.7973,1,1,1,-0.340000004
2035,20-631,U/N Reef,-20.3391,148.8199,1,1,1,-0.180999994
2036,20-636,U/N Reef,-20.4777,148.9004,1,1,1,0.238000005
2037,20-637,U/N Reef,-20.5042,148.9054,1,1,1,0.229000002
2038,21-056c,U/N Reef,-21.0568,150.4236,1,1,0,-13.48799992
2039,21-056d,U/N Reef,-21.0409,150.4896,1,1,0,-10.57999992
2040,21-057,U/N Reef,-21.123,150.4815,1,1,1,0.068999998
2041,21-058,Vernon Rocks Reef,-21.4678,150.3094,1,1,1,-0.388999999
2042,20-364,U/N Reef,-20.6931,151.0886,1,1,1,-7.051000118
2043,20-365,U/N Reef,-20.691,151.063,1,1,1,-4.739999771
2044,20-366,U/N Reef,-20.7171,151.111,1,1,1,-0.702000022
2045,20-367,U/N Reef,-20.7178,151.1536,1,1,1,-3.678999901
2046,20-368,U/N Reef,-20.7333,151.1513,1,1,NA,NA
2047,20-369a,Cockatoo Reef (No 1),-20.7413,151.0171,1,1,1,-0.398000002
2048,20-369b,Cockatoo Reef (No 2),-20.7026,150.9949,1,1,1,-1.302999973
2049,20-369c,Cockatoo Reef (No 3),-20.7185,151.0414,1,1,1,-1.174999952
2050,20-369d,Cockatoo Reef (No 4),-20.7247,151.0482,1,1,1,-1.493999958
2051,20-472,U/N Reef,-20.246,150.6809,1,1,0,-10.83100033
2052,20-473,U/N Reef,-20.4803,150.6901,1,1,1,-1.312999964
2053,20-474,U/N Reef,-20.4688,150.6932,1,1,1,-0.703999996
2054,20-475,U/N Reef,-20.1798,150.7,1,1,0,-12.38599968
2055,20-476,U/N Reef,-20.4668,150.7073,1,1,1,-1.356999993
2056,20-477,U/N Reef,-20.5283,150.7156,1,1,1,-1.118000031
2057,20-478,U/N Reef,-20.4694,150.7201,1,1,1,-1.021000028
2058,20-479,U/N Reef,-20.6263,150.7221,1,1,1,-9.220000267
2059,20-480,U/N Reef,-20.2291,150.7241,1,1,0,-12.09500027
2060,20-638,U/N Reef,-20.5346,148.9167,1,1,1,-0.056000002
2061,20-642,U/N Reef,-20.3205,148.9335,1,1,1,-2.051000118
2062,20-800,U/N Reef,-20.3069,149.9827,1,1,1,-1.697000027
2063,20-295,(Big) Stevens Reef,-20.5702,150.126,1,1,1,-0.825999975
2064,20-296,Liff Reef,-20.5156,150.2419,1,1,1,-1.171000004
2065,20-297,Creal Reef,-20.5342,150.3814,1,1,1,-0.148000002
2066,20-370a,Rip Reef,-20.806,151.0681,1,1,1,-0.833999991
2067,20-370b,U/N Reef,-20.8819,151.0578,1,1,1,-1.202000022
2068,20-371,U/N Reef,-20.8049,151.0873,1,1,1,-0.896000028
2069,20-372,U/N Reef,-20.7655,151.1979,1,1,1,-0.716000021
2070,20-373,U/N Reef,-20.7775,151.1971,1,1,1,-0.654999971
2071,20-374,Joe Baker Reef,-20.7995,151.1571,1,1,1,-0.275999993
2072,20-375,U/N Reef,-20.8166,151.0028,1,1,1,-1.378000021
2073,20-481,U/N Reef,-20.2186,150.7323,1,1,1,-9.684000015
2074,20-482,U/N Reef,-20.4655,150.7337,1,1,1,-1.026000023
2075,20-483,U/N Reef,-20.4247,150.737,1,1,1,-1.345000029
2076,20-484,U/N Reef,-20.2263,150.7375,1,1,0,-11.1420002
2077,20-485,U/N Reef,-20.4325,150.7377,1,1,1,-0.968999982
2078,20-486,U/N Reef,-20.3547,150.7464,1,1,1,-8.470999718
2079,20-487,U/N Reef,-20.4142,150.7474,1,1,1,-1.600999951
2080,20-488,U/N Reef,-20.4433,150.7556,1,1,1,-4.367000103
2081,20-489,U/N Reef,-20.4205,150.7607,1,1,1,-7.287000179
2082,20-490,U/N Reef,-20.4025,150.7641,1,1,1,-6.789999962
2083,20-803,Martin Islet Reef,-20.2857,149.0686,1,1,1,-0.059999999
2084,20-298,Warland Reef,-20.6018,150.3815,1,1,1,-1.286000013
2085,20-299a,U/N Reef,-20.6033,150.4344,1,1,1,-0.045000002
2086,20-299b,U/N Reef,-20.6443,150.3896,1,1,0,-11.23499966
2087,20-376,U/N Reef,-20.8688,151.1858,1,1,1,-1.527999997
2088,20-377,Olympic Reef,-20.8425,151.2294,1,1,1,-0.723999977
2089,20-378a,U/N Reef,-20.8684,151.248,1,1,1,-0.753000021
2090,20-378b,U/N Reef,-20.9286,151.2394,1,1,1,-1.248000026
2091,20-491,U/N Reef,-20.1585,150.7662,1,1,0,-13.39400005
2092,20-492,U/N Reef,-20.4039,150.7697,1,1,1,-8.727000237
2093,20-493,U/N Reef,-20.2029,150.7701,1,1,0,-11.125
2094,20-494,U/N Reef,-20.7009,150.7728,1,1,1,-2.138999939
2095,20-495,U/N Reef,-20.4565,150.7782,1,1,1,-2.84100008
2096,20-496,U/N Reef,-20.7052,150.7798,1,1,1,-1.208999991
2097,20-497,U/N Reef,-20.5759,150.7798,1,1,1,-1.284999967
2098,20-299c,Southampton Reef,-20.6489,150.4502,1,1,1,-0.91900003
2099,20-299d,Briggs Reef (No 1),-20.6841,150.4516,1,1,1,-2.08100009
2100,20-299e,Briggs Reef (No 2),-20.6759,150.4511,1,1,1,-2.269000053
2101,20-299f,Briggs Reef (No 3),-20.6847,150.4466,1,1,1,-4.043000221
2102,20-299g,Briggs Reef (No 4),-20.6894,150.4489,1,1,1,-4.222000122
2103,20-299h,U/N Reef,-20.6896,150.4567,1,1,1,-7.585000038
2104,20-299j,U/N Reef,-20.6906,150.4611,1,1,1,-8.819000244
2105,20-379,U/N Reef,-20.9011,151.1914,1,1,0,-18.72800064
2106,20-380,U/N Reef,-20.9151,151.0428,1,1,1,-1.937999964
2107,20-381,U/N Reef,-20.8399,151.3342,1,1,1,-0.874000013
2108,20-382,U/N Reef,-20.8857,151.3049,1,1,1,-0.423000008
2109,20-383,U/N Reef,-20.9314,151.2108,1,1,1,-1.656000018
2110,20-384,U/N Reef,-20.8948,151.206,1,1,NA,NA
2111,20-385,U/N Reef,-20.9424,151.3263,1,1,1,-0.619000018
2112,20-498,U/N Reef,-20.414,150.7826,1,1,1,-0.899999976
2113,20-499,U/N Reef,-20.2037,150.7971,1,1,0,-15.18400002
2114,20-500,U/N Reef,-20.5606,150.7983,1,1,1,-7.956999779
2115,20-501,U/N Reef,-20.3007,150.8034,1,1,1,-9.696000099
2116,20-502,U/N Reef,-20.5908,150.8419,1,1,1,-1.251000047
2117,20-503,U/N Reef,-20.2476,150.8419,1,1,NA,NA
2118,20-504,U/N Reef,-20.2631,150.8516,1,1,0,-21.41699982
2119,20-505,U/N Reef,-20.5936,150.8756,1,1,1,-1.172000051
2120,20-506,U/N Reef,-20.5836,150.879,1,1,1,-4.071000099
2121,20-826,U/N Reef,-20.3676,148.9647,1,1,1,-2.839999914
2122,20-827,U/N Reef,-20.3692,148.9631,1,1,1,-3.931999922
2123,20-830,U/N Reef,-20.485,148.8916,1,1,1,-1.277999997
2124,20-300,U/N Reef,-20.6342,150.4658,1,1,1,-1.644999981
2125,20-301a,Cole Reefs (No2),-20.6813,150.2307,1,1,1,-1.827999949
2126,20-301b,Cole Reefs (No3),-20.6551,150.2871,1,1,1,-1.251999974
2127,20-302,Cole Reefs (No1),-20.7009,150.1861,1,1,1,-1.47300005
2128,20-303,U/N Reef,-20.6836,150.4153,1,1,1,-7.875
2129,20-386,U/N Reef,-20.9602,151.1835,1,1,1,-1.965999961
2130,20-387,U/N Reef,-20.9701,151.2467,1,1,1,-1.552999973
2131,20-388a,U/N Reef,-20.9594,151.3562,1,1,1,-1.238000035
2132,20-388b,U/N Reef,-21.0122,151.3449,1,1,1,-1.332000017
2133,20-388c,U/N Reef,-20.9841,151.3388,1,1,1,-1.302999973
2134,20-389,Neville Coleman Reef,-20.9661,151.4034,1,1,1,-0.791000009
2135,20-390,U/N Reef,-20.9856,151.3027,1,1,1,-1.883000016
2136,20-507,U/N Reef,-20.3035,150.8793,1,1,0,-12.20100021
2137,20-508,U/N Reef,-20.6483,150.8907,1,1,1,-1.486999989
2138,20-509,U/N Reef,-20.6271,150.8921,1,1,1,-1.024999976
2139,20-510,U/N Reef,-20.6337,150.8925,1,1,1,-1.315999985
2140,20-198,U/N Reef,-20.4373,150.894,1,1,NA,NA
2141,20-512,U/N Reef,-20.5724,150.8944,1,1,0,-14.72399998
2142,20-513,U/N Reef,-20.6404,150.8988,1,1,1,-0.95599997
2143,20-854,U/N Reef,-20.0498,149.9417,1,1,NA,NA
2144,21-002,Oom Shoal,-21.0543,149.3038,1,1,0,-10.17700005
2145,21-004,NA,-21.0972,149.2435,0,1,NA,NA
2146,21-005a,Downward Patches (No 1),-21.1258,149.2912,1,1,NA,NA
2147,20-304,McIntyre Reef,-20.7171,150.4682,1,1,1,-0.737999976
2148,20-305,Goble Reefs (East),-20.7817,150.4846,1,1,1,-0.902999997
2149,20-306,Goble Reefs (West),-20.8046,150.4538,1,1,1,-1.675999999
2150,20-307,Chauvel Reefs (North),-20.8185,150.3761,1,1,1,-1.14199996
2151,20-391,U/N Reef,-20.9913,151.4777,1,1,1,-0.545000017
2152,20-392,U/N Reef,-20.8886,151.969,1,0,1,-0.486000001
2153,20-393,U/N Reef,-20.9304,152.1796,1,0,1,-0.816999972
2154,20-394,U/N Reef,-20.9454,152.0721,1,0,1,-0.759000003
2155,20-395,U/N Reef,-20.9615,152.2515,1,0,1,-0.829999983
2156,20-396,Newell Reef,-20.9672,152.2785,1,0,1,-0.774999976
2157,20-514,U/N Reef,-20.6641,150.8995,1,1,1,-6.209000111
2158,20-515,U/N Reef,-20.6577,150.9002,1,1,1,-1.302999973
2159,20-516,U/N Reef,-20.6491,150.9007,1,1,1,-1.141000032
2160,20-517,U/N Reef,-20.6864,150.9089,1,1,0,-12.30700016
2161,20-518,U/N Reef,-20.6484,150.9106,1,1,1,-1.501000047
2162,20-519,U/N Reef,-20.6439,150.9137,1,1,1,-1.45599997
2163,20-520,U/N Reef,-20.8318,150.9282,1,1,1,-9.652999878
2164,20-521,U/N Reef,-20.3688,150.9331,1,1,NA,NA
2165,20-522,U/N Reef,-20.4428,150.9485,1,1,0,-16.94099998
2166,21-005b,Downward Patches (No 2),-21.1358,149.2912,1,1,NA,NA
2167,21-005c,Downward Patches (No 3),-21.145,149.2888,1,1,NA,NA
2168,21-005d,Downward Patches (No 4),-21.1544,149.2961,1,1,NA,NA
2169,21-005e,Downward Patches (No 5),-21.1603,149.3165,1,1,0,-13.25899982
2170,21-005f,Downward Patches (No 6),-21.1625,149.2865,1,1,1,-9.713000298
2171,21-005g,Downward Patches (No 7),-21.1714,149.3106,1,1,NA,NA
2172,21-006,NA,-21.1332,149.245,0,1,NA,NA
2173,21-007,Flat Top Reef,-21.1607,149.2391,1,1,1,1.572000027
2174,20-308,Chauvel Reefs (South),-20.8587,150.3788,1,1,1,-1.355999947
2175,20-309,Tern Reef,-20.9094,150.0326,1,1,1,-0.100000001
2176,20-310,Bushy-Redbill Reef,-20.9625,150.0805,1,1,1,0.252999991
2177,20-397,U/N Reef,-20.9894,152.3954,1,0,1,-0.814999998
2178,20-398,U/N Reef,-20.9854,152.0642,1,0,1,-0.788999975
2179,20-399,U/N Reef,-20.9926,152.0859,1,0,1,-0.953999996
2180,20-400,U/N Reef,-21.002,152.1103,1,0,1,-0.632000029
2181,20-401,Deliverance Bank,-20.0151,150.4049,1,1,0,-10.52099991
2182,20-402,Sheriff Shoal,-20.2443,150.1463,1,1,NA,NA
2183,20-523,U/N Reef,-20.392,150.9537,1,1,NA,NA
2184,20-524,U/N Reef,-20.4143,150.9696,1,1,NA,NA
2185,20-527,U/N Reef,-20.7994,150.9809,1,1,0,-14.49400043
2186,20-531,U/N Reef,-20.4354,150.9875,1,1,0,-18.29400063
2187,20-540,U/N Reef,-20.8139,151.0145,1,1,1,-1.424999952
2188,20-543,U/N Reef,-20.473,151.022,1,1,NA,NA
2189,20-545,U/N Reef,-20.5554,151.0349,1,1,0,-14.85700035
2190,20-546,U/N Reef,-20.4851,151.0369,1,1,0,-19.72699928
2191,20-548,U/N Reef,-20.4971,151.0515,1,1,0,-19.3220005
2192,20-370d,U/N Reef,-20.8679,151.068,1,1,0,-11.84000015
2193,21-009,Round Top Reef,-21.1738,149.2655,1,1,1,0.740999997
2194,21-012,NA,-21.2673,149.2685,0,1,NA,NA
2195,21-013,NA,-21.2749,149.2868,0,1,NA,NA
2196,21-014,NA,-21.2931,149.3019,0,1,NA,NA
2197,21-015,Victor Reef,-21.3281,149.3254,1,1,1,1.575999975
2198,21-016,Coral Point Reef,-21.3722,149.3192,1,1,1,1.574000001
2199,21-018,U/N Reef,-21.413,149.3334,1,1,1,1.22300005
2200,20-311,U/N Reef,-20.5137,150.7111,1,1,1,-1.325999975
2201,20-312,U/N Reef,-20.5125,150.8619,1,1,1,-0.76700002
2202,20-313,U/N Reef,-20.5222,150.8018,1,1,1,-0.799000025
2203,20-314,U/N Reef,-20.5281,150.7584,1,1,1,-1.111999989
2204,20-315a,U/N Reef,-20.5639,150.5615,1,1,1,-1.225000024
2205,20-315b,U/N Reef,-20.5408,150.5761,1,1,1,-2.224999905
2206,20-315c,U/N Reef,-20.5675,150.5922,1,1,1,-2.319000006
2207,20-316,U/N Reef,-20.5482,150.7541,1,1,1,-9.239999771
2208,20-317,U/N Reef,-20.5634,150.7232,1,1,1,-1.950999975
2209,20-318,U/N Reef,-20.5664,150.7734,1,1,1,-1.210000038
2210,20-403,NA,-20.2669,148.6957,0,1,NA,NA
2211,20-404,U/N Reef,-20.4061,149.007,1,1,1,-1.279999971
2212,20-407,Coppersmith Reef,-20.5981,149.116,1,1,1,-0.287999988
2213,20-370c,U/N Reef,-20.8607,151.0733,1,1,0,-10.61800003
2214,20-553,U/N Reef,-20.8062,151.0752,1,1,NA,NA
2215,20-555,U/N Reef,-20.8201,151.1055,1,1,1,-5.546999931
2216,20-556,U/N Reef,-20.7021,151.1061,1,1,1,-1.361999989
2217,20-557,U/N Reef,-20.5582,151.1201,1,1,0,-21.12100029
2218,20-558,U/N Reef,-20.9843,150.613,1,1,NA,NA
2219,20-559,U/N Reef,-20.9816,150.7248,1,1,1,-9.043000221
2220,20-560,U/N Reef,-20.8415,151.206,1,1,1,-1.271000028
2221,20-561,U/N Reef,-20.9463,151.2215,1,1,0,-11.75800037
2222,20-562,U/N Reef,-20.9462,151.2507,1,1,1,-1.552999973
2223,20-563,U/N Reef,-20.9434,151.2628,1,1,1,-1.258999944
2224,21-019,Freshwater Point Reef,-21.4299,149.3375,1,1,1,1.559999943
2225,21-020,Cullen Reef,-21.4236,149.4917,1,1,1,1.411000013
2226,21-021,Irving Island Reef,-21.4548,149.4583,1,1,1,1.042999983
2227,21-022,Phillips Reef,-21.4679,149.494,1,1,1,-3.855999947
2228,21-023,Taffy Reef,-21.4752,149.3914,1,1,1,0.485000014
2229,21-024,Glendower Point Reef,-21.4976,149.396,1,1,1,1.463999987
2230,21-025,Penrith Reef,-21.0168,149.8983,1,1,1,1.141000032
2231,20-319,U/N Reef,-20.5646,150.8223,1,1,1,-1.225999951
2232,20-320,U/N Reef,-20.5687,150.8385,1,1,1,-0.968999982
2233,20-321,U/N Reef,-20.5545,150.9977,1,1,1,-0.977999985
2234,20-322,U/N Reef,-20.5742,150.7459,1,1,1,-0.925999999
2235,20-323,U/N Reef,-20.5846,150.8648,1,1,1,-0.810000002
2236,20-324,U/N Reef,-20.5962,150.7668,1,1,1,-0.731000006
2237,20-409,Plum Pudding Reef,-20.3346,148.9394,1,1,1,-0.071999997
2238,20-410,U/N Reef,-20.8682,151.5073,1,1,NA,NA
2239,20-411,U/N Reef,-20.9611,151.5287,1,1,NA,NA
2240,20-412,U/N Reef,-20.8933,151.552,1,1,0,-14.21199989
2241,20-564,U/N Reef,-20.8091,151.2636,1,1,1,-9.354000092
2242,20-565,U/N Reef,-20.8297,151.2976,1,1,NA,NA
2243,20-566,U/N Reef,-20.9939,151.3646,1,1,1,-1.774000049
2244,20-567,U/N Reef,-20.9965,151.3704,1,1,1,-1.720999956
2245,20-568,U/N Reef,-20.9557,151.371,1,1,1,-0.77700001
2246,20-569,U/N Reef,-20.9915,151.3793,1,1,1,-1.639999986
2247,20-570,U/N Reef,-20.8647,151.3977,1,1,NA,NA
2248,21-026,Bailey Reef,-21.0302,149.5476,1,1,1,-0.615999997
2249,21-027,Snare Peak Reef,-21.1027,149.9354,1,1,1,-0.017999999
2250,21-029,Overfall Reef,-21.2669,149.6301,1,1,1,-0.028999999
2251,20-325,U/N Reef,-20.6235,150.7327,1,1,1,-1.167000055
2252,20-326,Molar Reef,-20.6253,150.8036,1,1,1,-0.175999999
2253,20-327,U/N Reef,-20.6177,150.8535,1,1,1,-0.712000012
2254,20-328a,U/N Reef,-20.6178,150.9019,1,1,1,-0.818000019
2255,20-328b,U/N Reef,-20.6078,150.9172,1,1,1,-1.121000051
2256,20-413,U/N Reef,-20.9774,151.5679,1,1,0,-11.44900036
2257,20-414,U/N Reef,-20.9564,151.5887,1,1,0,-11.77099991
2258,20-415,U/N Reef,-20.9225,151.6156,1,1,0,-13.53999996
2259,20-416,U/N Reef,-20.9863,151.6508,1,0,0,-20.75799942
2260,20-417,U/N Reef,-20.9426,151.6612,1,0,0,-21.14500046
2261,20-418,U/N Reef,-20.9068,151.6632,1,0,NA,NA
2262,20-419,U/N Reef,-20.9292,151.7045,1,0,NA,NA
2263,20-420,U/N Reef,-20.9538,151.7233,1,0,NA,NA
2264,20-421,U/N Reef,-20.9783,151.7317,1,0,NA,NA
2265,20-422,U/N Reef,-20.9747,151.7663,1,0,NA,NA
2266,20-571,U/N Reef,-20.8097,151.4007,1,1,0,-13.57499981
2267,20-572,U/N Reef,-20.8305,151.4407,1,1,0,-16.78700066
2268,20-573,U/N Reef,-20.9146,151.4536,1,1,NA,NA
2269,20-574,U/N Reef,-20.9055,151.4592,1,1,0,-12.38399982
2270,20-575,U/N Reef,-20.8467,151.4677,1,1,0,-16.66500092
2271,20-576,U/N Reef,-20.9085,151.4718,1,1,0,-13.85700035
2272,20-577,U/N Reef,-20.851,151.4768,1,1,0,-18.62100029
2273,20-578,U/N Reef,-20.8587,151.4808,1,1,0,-17.62100029
2274,20-579,U/N Reef,-20.9999,151.3386,1,1,1,-1.562000036
2275,20-580,U/N Reef,-20.7375,150.4406,1,1,NA,NA
2276,20-581,U/N Reef,-20.7416,150.4568,1,1,0,-16.61599922
2277,21-031,Prudhoe Island Reef,-21.3156,149.6825,1,1,1,1.569000006
2278,21-032,Prudhoe Shoal,-21.3273,149.665,1,1,1,1.074000001
2279,21-033,Reid Reef,-21.371,149.6579,1,1,1,1.628999949
2280,21-034,Double Island Reef,-21.3743,149.8285,1,1,1,1.626999974
2281,20-328c,U/N Reef,-20.6036,150.92,1,1,1,-4.532999992
2282,20-328d,U/N Reef,-20.6091,150.9233,1,1,1,-3.967999935
2283,20-328e,U/N Reef,-20.6137,150.9212,1,1,1,-1.437999964
2284,20-328f,U/N Reef,-20.6218,150.9205,1,1,1,-6.221000195
2285,20-329,U/N Reef,-20.6259,150.993,1,1,0,-10.61499977
2286,20-330,U/N Reef,-20.6309,150.9552,1,1,NA,NA
2287,20-331,U/N Reef,-20.646,150.9816,1,1,NA,NA
2288,20-332,U/N Reef,-20.6616,150.6989,1,1,1,-5.764999866
2289,20-333,U/N Reef,-20.6451,150.7354,1,1,1,-1.429999948
2290,20-334,U/N Reef,-20.6351,150.7524,1,1,1,-1.13499999
2291,20-423,U/N Reef,-20.9356,151.8353,1,0,NA,NA
2292,20-424,U/N Reef,-20.9557,151.8523,1,0,NA,NA
2293,20-425,U/N Reef,-20.9169,151.8709,1,0,NA,NA
2294,20-426,U/N Reef,-20.9062,151.8872,1,0,NA,NA
2295,20-427,U/N Reef,-20.9503,151.8963,1,0,NA,NA
2296,20-428,U/N Reef,-20.8977,151.9126,1,0,NA,NA
2297,20-429,U/N Reef,-20.8876,151.9178,1,0,0,-22.94499969
2298,20-430,U/N Reef,-20.8856,151.998,1,0,0,-23.50799942
2299,20-431,U/N Reef,-20.8951,152.0015,1,0,NA,NA
2300,20-432,U/N Reef,-20.8904,152.0064,1,0,NA,NA
2301,20-582,U/N Reef,-20.0065,149.8869,1,1,1,-8.588999748
2302,20-583,U/N Reef,-20.1704,149.9347,1,1,1,-8.777000427
2303,20-585,U/N Reef,-20.0161,149.9605,1,1,0,-12.67800045
2304,20-586,U/N Reef,-20.1469,149.9683,1,1,0,-10.47900009
2305,20-587,U/N Reef,-20.026,149.9731,1,1,0,-10.98200035
2306,20-588,U/N Reef,-20.2786,150.0616,1,1,0,-11.92700005
2307,20-589,U/N Reef,-20.1247,150.315,1,1,1,-1.424999952
2308,20-590,U/N Reef,-20.0999,150.3713,1,1,1,-0.99000001
2309,20-591,U/N Reef,-20.1102,150.3728,1,1,1,-1.125
2310,20-592,U/N Reef,-20.0327,150.3736,1,1,1,-8.661999702
2311,20-593,U/N Reef,-20.0529,150.3756,1,1,1,-8.116000175
2312,20-594,U/N Reef,-20.0741,150.382,1,1,1,-2.457999945
2313,20-595,U/N Reef,-20.0743,150.3868,1,1,1,-1.822999954
2314,21-035,Lloyd Shoal,-21.3879,149.8076,1,1,1,-7.888999939
2315,21-036a,Viscount Shoals (No 1),-21.4186,149.5677,1,1,1,-7.921999931
2316,21-036b,Viscount Shoals (No 2),-21.4114,149.6049,1,1,1,-8.303999901
2317,21-036c,Viscount Shoals (No 3),-21.4744,149.5762,1,1,NA,NA
2318,21-037,Renou Reef,-21.434,149.8214,1,1,1,-0.224999994
2319,20-335,U/N Reef,-20.6717,150.8738,1,1,1,-0.521000028
2320,20-336,U/N Reef,-20.6831,150.7761,1,1,1,-8.911999702
2321,20-337,U/N Reef,-20.6974,150.8342,1,1,1,-1.027999997
2322,20-338,U/N Reef,-20.6794,150.9825,1,1,1,-0.819999993
2323,20-433,U/N Reef,-20.8999,152.0533,1,0,0,-11.72299957
2324,20-434,U/N Reef,-20.8926,152.0632,1,0,0,-23.22999954
2325,20-435,U/N Reef,-20.9815,152.0954,1,0,NA,NA
2326,20-436,U/N Reef,-20.9304,152.0978,1,0,1,-9.663000107
2327,20-437,U/N Reef,-20.9188,152.0981,1,0,0,-12.63899994
2328,20-438,U/N Reef,-20.9127,152.1116,1,0,0,-22.74300003
2329,20-439,U/N Reef,-20.9188,152.1172,1,0,NA,NA
2330,20-440,U/N Reef,-20.9534,152.1188,1,0,0,-13.39099979
2331,20-441,U/N Reef,-20.9758,152.1288,1,0,0,-16.68499947
2332,20-442,U/N Reef,-20.9121,152.1328,1,0,NA,NA
2333,20-443,U/N Reef,-20.9271,152.1603,1,0,NA,NA
2334,20-596,U/N Reef,-20.1035,150.3892,1,1,1,-1.531000018
2335,20-597,U/N Reef,-20.078,150.3968,1,1,1,-1.682000041
2336,20-598,U/N Reef,-20.1076,150.4033,1,1,1,-1.529000044
2337,20-599,U/N Reef,-20.0444,150.4062,1,1,NA,NA
2338,20-600,U/N Reef,-20.1457,150.4095,1,1,1,-1.355999947
2339,20-601,U/N Reef,-20.1454,150.413,1,1,1,-4.960999966
2340,20-602,U/N Reef,-20.137,150.4144,1,1,1,-1.241999984
2341,20-603,U/N Reef,-20.0365,150.425,1,1,1,-8.420999527
2342,20-604,U/N Reef,-20.0631,150.432,1,1,1,-7.230999947
2343,20-605,U/N Reef,-20.2334,150.4888,1,1,1,-0.930999994
2344,20-607,U/N Reef,-20.0611,150.583,1,1,1,-8.897999763
2345,21-039,Knight Reef,-21.4487,149.7141,1,1,1,1.277999997
2346,21-040,Minster Reef,-21.4439,149.8481,1,1,1,0.907999992
2347,21-041,Festing Shoal,-21.4679,149.7001,1,1,1,-6.592000008
2348,21-043,Beaver Shoal,-21.4668,149.8251,1,1,1,-7.410999775
2349,21-044,Beverlac Reef,-21.4565,149.8738,1,1,1,-1.049000025
2350,20-339a,U/N Reef,-20.7259,150.884,1,1,1,-0.921000004
2351,20-339b,U/N Reef,-20.7067,150.9378,1,1,1,-0.842999995
2352,20-340,U/N Reef,-20.7081,150.76,1,1,1,-0.603999972
2353,20-341,U/N Reef,-20.7138,150.8204,1,1,1,-1.544999957
2354,20-234a,Thomas Reef (No 1),-20.5416,149.1101,1,1,1,-0.059999999
2355,20-234b,Thomas Reef (No 2),-20.545,149.1013,1,1,1,-2.030999899
2356,20-234c,Thomas Reef (No 3),-20.5511,149.1053,1,1,1,-1.501999974
2357,20-279b,St Bees Island Reef (No 2),-20.9299,149.432,1,1,1,1.427000046
2358,20-279c,St Bees Island Reef (No 3),-20.9338,149.4483,1,1,1,1.48300004
2359,20-280,Aspatria Reef,-20.9346,149.4706,1,1,1,1.292000055
2360,20-282,Wheatley Shoal,-20.9301,149.3888,1,1,1,-8.541000366
2361,20-283,Flimby Shoal,-20.9321,149.4188,1,1,1,-8.567000389
2362,20-284,Hesket Reef,-20.9356,149.4813,1,1,1,0.536000013
2363,20-102i,Shaw Island Reef (No 5),-20.5203,149.0607,1,1,1,0.195999995
2364,20-102e,Shaw Island Reef (No 6),-20.5069,149.0705,1,1,1,-1.958999991
2365,20-102f,Shaw Island Reef (No 7),-20.4865,149.0899,1,1,1,-0.43599999
2366,20-184,U/N Reef,-20.3215,150.7057,1,1,1,-9.87100029
2367,20-185a,U/N Reef,-20.3541,150.5844,1,1,1,0.270000011
2368,20-185b,U/N Reef,-20.3716,150.599,1,1,1,-0.216999993
2369,20-234d,Thomas Reef (No 4),-20.5519,149.1109,1,1,1,-0.352999985
2370,20-234e,Thomas Reef (No 5),-20.5465,149.1201,1,1,1,-0.011
2371,20-234f,Thomas Reef (No 6),-20.5411,149.1198,1,1,1,-3.34100008
2372,20-234g,Thomas Reef (No 7),-20.5483,149.1259,1,1,1,-2.721999884
2373,20-285,Green Reef,-20.9861,149.1513,1,1,1,1.575999975
2374,20-286,Parker Reef,-20.5423,149.7512,1,1,1,-0.012
2375,20-287,Credlin Reefs (East),-20.5402,149.9512,1,1,1,-0.845000029
2376,20-288,Credlin Reefs (West),-20.5597,149.9281,1,1,1,-0.924000025
2377,20-102g,Shaw Island Reef (No 8),-20.4836,149.099,1,1,1,0.358999997
2378,20-102h,Shaw Island Reef (No 9),-20.4586,149.0865,1,1,1,0.640999973
2379,20-102k,Shaw Island Reef (No 10),-20.442,149.0827,1,1,1,-0.013
2380,20-102j,Shaw Island Reef (No 11),-20.4509,149.0759,1,1,1,-0.32100001
2381,20-102l,Shaw Island Reef (No 12),-20.4272,149.0891,1,1,1,-1.126000047
2382,20-103,U/N Reef,-20.0148,149.8307,1,1,1,-0.569999993
2383,20-185c,U/N Reef,-20.3504,150.6565,1,1,1,-0.765999973
2384,20-186,U/N Reef,-20.3542,150.7129,1,1,1,-0.832000017
2385,20-187,Muirhead Reef,-20.3783,150.7524,1,1,1,-0.740999997
2386,20-188,U/N Reef,-20.3495,150.8092,1,1,1,-8.508999825
2387,20-189,U/N Reef,-20.3708,150.6838,1,1,1,-1.347000003
2388,20-234h,Thomas Reef (No 8),-20.5413,149.1057,1,1,1,0.808000028
2389,20-235,Fairlight Reef,-20.5491,149.1331,1,1,1,-5.179999828
2390,20-236,St Helen Reef,-20.553,149.0777,1,1,1,-0.754999995
2391,20-237a,Goldsmith Island Reef (No 1),-20.6649,149.1584,1,1,1,-0.874000013
2392,20-237b,Goldsmith Island Reef (No 2),-20.6832,149.1441,1,1,1,0.263999999
2393,20-289,Calder Reef,-20.7717,149.6204,1,1,1,0.973999977
2394,20-290a,Scawfell Reef (No 1),-20.8546,149.6141,1,1,1,-0.291000009
2395,20-290b,Scawfell Reef (No 2),-20.8645,149.5909,1,1,1,1.067000031
2396,20-291,Three Rocks Reef,-20.9509,149.7386,1,1,1,-0.01
2397,20-105,Square Reef,-20.0641,149.812,1,1,1,-0.079999998
2398,20-106a,Peta Patches (No 1),-20.0362,149.9468,1,1,1,-1.445000052
2399,20-106b,Peta Patches (No 2),-20.0316,149.9409,1,1,1,-8.43900013
2400,20-106c,Peta Patches (No 3),-20.0405,149.9496,1,1,1,-1.320000052
2401,20-106d,Peta Patches (No 4),-20.0343,149.9539,1,1,1,-1.411999941
2402,20-107,U/N Reef,-20.0577,149.9483,1,1,1,-6.734000206
2403,20-108,U/N Reef,-20.0615,149.9596,1,1,1,-9.201000214
2404,20-109,U/N Reef,-20.0626,149.9339,1,1,1,-1.177999973
2405,20-190,U/N Reef,-20.3475,150.8528,1,1,1,-5.747000217
2406,20-191,U/N Reef,-20.3326,150.862,1,1,1,-6.573999882
2407,20-192,U/N Reef,-20.3978,150.583,1,1,1,-0.469000012
2408,20-193,U/N Reef,-20.3967,150.6152,1,1,1,0.57099998
2409,20-194a,U/N Reef,-20.4161,150.6853,1,1,1,0.522000015
2410,20-194b,U/N Reef,-20.4068,150.7222,1,1,1,-1.299999952
2411,20-237c,Goldsmith Island Reef (No 3),-20.6953,149.1423,1,1,1,-0.400999993
2412,20-237d,Goldsmith Island Reef (No 4),-20.681,149.1593,1,1,1,0.174999997
2413,20-237e,Goldsmith Island Reef (No 5),-20.6911,149.1379,1,1,1,-1.02699995
2414,20-237f,Goldsmith Island Reef (No 6),-20.67,149.1511,1,1,1,-0.093999997
2415,20-237g,U/N Reef,-20.6816,149.1384,1,1,1,-6.540999889
2416,20-292,Derwent Reef,-20.9866,149.7821,1,1,1,0.74000001
2417,20-293,Skull Rock Reef,-20.9883,149.798,1,1,1,-0.240999997
2418,20-294,(Little) Stevens Reef,-20.5644,150.0519,1,1,1,-0.963999987
2419,20-110,U/N Reef,-20.1017,149.9261,1,1,1,-0.711000025
2420,20-111,Edgell Reefs (No 2),-20.0546,149.9922,1,1,1,-2.240999937
2421,20-112,Edgell Reefs (No 5),-20.1345,149.9369,1,1,1,-1.32099998
2422,20-113,Ben Reef,-20.0069,150.3203,1,1,1,-1.008000016
2423,20-114,U/N Reef,-20.0071,150.2612,1,1,1,-2.474999905
2424,20-194c,U/N Reef,-20.4134,150.7518,1,1,1,-0.790000021
2425,20-195,U/N Reef,-20.4184,150.9115,1,1,0,-11.46500015
2426,20-196,U/N Reef,-20.4146,150.9311,1,1,NA,NA
2427,20-197,U/N Reef,-20.4467,150.7262,1,1,1,-0.938000023
2428,20-511,U/N Reef,-20.5077,150.9647,1,1,0,-11.17599964
2429,20-238,Silversmith Reef,-20.5875,149.1114,1,1,1,0.805000007
2430,20-239,Pincer Reef,-20.6817,149.0974,1,1,1,-0.01
2431,20-082,Teague Reef,-20.3035,149.0689,1,1,1,0.363999993
2432,20-083,Surprise Rock Reef,-20.3551,149.0264,1,1,1,-7.813000202
2433,20-115,Little Bugatti (Wheatley) Reef,-20.0264,150.243,1,1,1,-0.694000006
2434,20-116,Edgell Reefs (No 1),-20.0237,150.0143,1,1,1,-1.039000034
2435,20-117,Edgell Reefs (No 3),-20.0677,150.0239,1,1,1,-1.069000006
2436,20-118,U/N Reef,-20.0532,150.4271,1,1,1,-6.375999928
2437,20-119,U/N Reef,-20.0867,150.4166,1,1,1,-0.546000004
2438,20-120,Wup Reef,-20.1023,150.1956,1,1,1,-1.116999984
2439,20-121,U/N Reef,-20.0839,150.3946,1,1,1,-1.457000017
2440,20-122,U/N Reef,-20.0735,150.4667,1,1,1,-9.87100029
2441,20-199,U/N Reef,-20.4727,150.8461,1,1,1,-8.37899971
2442,20-200,U/N Reef,-20.5183,150.601,1,1,1,-1.654999971
2443,20-201,U/N Reef,-20.4858,150.7173,1,1,1,-0.964999974
2444,20-202,U/N Reef,-20.4959,150.8294,1,1,1,-1.294999957
2445,20-203,Defiance (Dalys) Island Reef,-20.5034,148.819,1,1,1,-0.071999997
2446,20-204a,Defiance Reefs (North),-20.5094,148.809,1,1,1,-1.944000006
2447,20-241,Anchorsmith Reef,-20.6158,149.0638,1,1,1,-0.015
2448,20-242,Blackcombe Reef,-20.6011,149.1862,1,1,1,-0.012
2449,20-243,Anvil Reef,-20.6258,149.0725,1,1,1,-0.143000007
2450,20-244,Carondelet Reef,-20.6157,149.1816,1,1,NA,NA
2451,20-085,Pentecost Reef,-20.3991,149.0285,1,1,1,-0.028999999
2452,20-123,U/N Reef,-20.0774,150.4501,1,1,NA,NA
2453,20-124,U/N Reef,-20.0884,150.4817,1,1,NA,NA
2454,20-125,U/N Reef,-20.121,150.427,1,1,1,-0.930000007
2455,20-126,U/N Reef,-20.1501,150.3856,1,1,1,-0.97299999
2456,20-127,Bugatti Reef,-20.1009,150.3165,1,1,1,-0.845000029
2457,20-1271,Callum Shoal,-20.144,149.4822,1,1,0,-16.76600075
2458,20-204b,Defiance Reefs (South),-20.5143,148.808,1,1,1,-1.159000039
2459,20-205,U/N Reef,-20.5284,148.9286,1,1,1,0.232999995
2460,20-206,Ripple Rocks Reef,-20.528,148.936,1,1,1,-0.611000001
2461,20-245,Blacksmith Reef,-20.6446,149.0711,1,1,1,-1.236999989
2462,20-246,Hammer Reef,-20.6461,149.0618,1,1,1,-0.097000003
2463,20-086,Cole Island Reef,-20.4229,149.0069,1,1,1,-0.02
2464,20-128,Edgell Reefs (No 4),-20.1205,150.0097,1,1,1,-0.91900003
2465,20-129,Henderson Reefs,-20.1897,150.0723,1,1,1,-0.453999996
2466,20-130,U/N Reef,-20.1741,150.3691,1,1,1,-1.52699995
2467,20-131,U/N Reef,-20.1413,150.446,1,1,1,-0.602999985
2468,20-207,Cape Rock Reef,-20.5416,148.9258,1,1,1,-4.705999851
2469,20-208,North Repulse Reef,-20.5817,148.8623,1,1,1,-1.745000005
2470,20-247,Ladysmith Reef,-20.6626,149.0882,1,1,1,-1.501000047
2471,20-248,Locksmith Reef,-20.6524,149.154,1,1,1,-0.131999999
2472,20-249,Geranium Shoal,-20.6463,149.2266,1,1,0,-12.38300037
2473,20-250,Bellows Reef,-20.6637,149.0707,1,1,1,-6.922999859
2474,20-251,Forge Reef,-20.6735,149.095,1,1,1,-1.332999945
2475,20-252,Farrier Reef,-20.6761,149.141,1,1,1,-0.039000001
2476,20-087,Anne Island Reef,-20.4211,149.0161,1,1,1,-0.112000003
2477,20-088,Jester Reef,-20.1436,149.072,1,1,NA,NA
2478,20-132,U/N Reef,-20.1929,150.472,1,1,1,-0.625
2479,20-209,East Repulse Reef,-20.5989,148.8773,1,1,1,-0.023
2480,20-210,South Repulse Reef,-20.6116,148.8673,1,1,1,-0.026000001
2481,20-211,U/N Reef,-20.628,148.7221,1,1,1,0.398999989
2482,20-212,U/N Reef,-20.6464,148.7313,1,1,1,-0.838
2483,20-213,Gould Island Reef,-20.672,148.7601,1,1,1,-0.082999997
2484,20-253a,Linne Island Reef (No 1),-20.6766,149.1894,1,1,1,-0.39199999
2485,20-253b,Linne Island Reef (No 2),-20.6887,149.1853,1,1,1,-0.287
2486,20-253c,Linne Island Reef (No 3),-20.6822,149.1822,1,1,1,-0.116999999
2487,20-253d,Linne Island Reef (No 4),-20.6764,149.1768,1,1,1,0.43599999
2488,20-089,Deloraine Reef,-20.1553,149.0711,1,1,1,0.805000007
2489,20-134,Hunt Reef,-20.2958,150.1033,1,1,1,-0.224000007
2490,20-135,Robertson Reefs (No 1),-20.3428,150.1326,1,1,1,-0.916000009
2491,20-136,Robertson Reefs (No 2),-20.3497,150.0677,1,1,1,-1.557999969
2492,20-214,Midge Reef,-20.6868,148.7586,1,1,1,0.061999999
2493,20-215,U/N Reef,-20.6961,148.7402,1,1,1,0.400000006
2494,20-216,U/N Reef,-20.7296,148.778,1,1,1,0.398999989
2495,20-217,U/N Reef,-20.7511,148.7927,1,1,1,-2.374000072
2496,20-218,U/N Reef,-20.767,148.7948,1,1,1,0.224999994
2497,20-219a,Cave Reef,-20.7824,148.8546,1,1,1,-2.16899991
2498,20-254,Tinsmith Reef,-20.6995,149.201,1,1,1,0.435000002
2499,20-255,Solder Reef,-20.6983,149.2065,1,1,1,0.967000008
2500,20-257a,U/N Reef,-20.7063,149.1415,1,1,1,-0.141000003
2501,20-090a,Lindeman Island Reef (No 1),-20.4317,149.0315,1,1,1,0.598999977
2502,20-090b,Lindeman Island Reef (No 2),-20.4458,149.0288,1,1,1,-0.435000002
2503,20-090c,Lindeman Island Reef (No 3),-20.4557,149.051,1,1,1,0.25999999
2504,20-090d,Lindeman Island Reef (No 4),-20.4365,149.0424,1,1,1,-0.179000005
2505,20-137,Robertson Reefs (No 3),-20.3489,150.0961,1,1,1,-1.090000033
2506,20-138,Bax Reef,-20.3421,150.1979,1,1,1,-0.875
2507,20-139,Robertson Reefs (No 4),-20.3685,150.0733,1,1,1,-2.263000011
2508,20-140,Nixon Reef,-20.4014,150.1253,1,1,1,-1.881999969
2509,20-141,U/N Reef,-20.4071,150.2015,1,1,1,-7.381000042
2510,20-219b,Pigeon Reef,-20.7887,148.8438,1,1,1,0.393000007
2511,20-220,High Islands Reef (North),-20.7949,148.8796,1,1,1,-2.815000057
2512,20-257b,Ingot Island Reef,-20.7105,149.1396,1,1,1,0.97299999
2513,20-258,Specie Shoal,-20.7232,149.1549,1,1,1,-8.444000244
2514,20-259,Io Reef,-20.6935,149.1275,1,1,1,-9.203000069
2515,20-260,Bullion Rocks Reef,-20.7391,149.1491,1,1,1,-0.340999991
2516,20-261,Coffin Reef,-20.7325,149.2324,1,1,1,0.97299999
2517,20-090e,Lindeman Island Reef (No 5),-20.4467,149.0581,1,1,1,-0.196999997
2518,20-091,Baynham Reef,-20.4353,149.102,1,1,1,-0.017999999
2519,20-092,Sidney Reef,-20.4489,149.01,1,1,1,0.564999998
2520,20-142,U/N Reef,-20.4021,150.2367,1,1,1,-0.917999983
2521,20-143,U/N Reef,-20.4461,150.2406,1,1,1,-1.449000001
2522,20-144,Cannan Reef,-20.4811,150.1515,1,1,1,-1.807999969
2523,20-145,Packer Reefs,-20.475,150.2041,1,1,1,-1.700999975
2524,20-146,Boulton Reef,-20.468,150.2905,1,1,1,-0.888999999
2525,20-147,U/N Reef,-20.0305,150.5469,1,1,1,-6.397999763
2526,20-221,High Islands Reef (South),-20.8049,148.8723,1,1,1,-1.393000007
2527,20-222,Carpet Snake Reef,-20.8246,148.8419,1,1,1,-0.120999999
2528,20-223,Low Rock Reef,-20.8222,148.8812,1,1,1,-2.752000093
2529,20-224,Croaker Reef,-20.8209,148.9005,1,1,1,-0.233999997
2530,20-262a,Wigton Island Reef (No 1),-20.7421,149.4698,1,1,1,0.637000024
2531,20-262b,Wigton Island Reef (No 2),-20.7403,149.4846,1,1,1,-0.059
2532,20-263,Silloth Reef,-20.7669,149.4358,1,1,1,0.643000007
2533,20-264,Allonby Reef,-20.7525,149.1618,1,1,1,0.80400002
2534,20-093,Comston Reef,-20.4637,149.1063,1,1,1,-0.125
2535,20-148,U/N Reef,-20.0727,150.5078,1,1,0,-10.81000042
2536,20-149,U/N Reef,-20.0846,150.5033,1,1,0,-15.67399979
2537,20-150,U/N Reef,-20.0694,150.5973,1,1,0,-10.58199978
2538,20-151,U/N Reef,-20.0754,150.5544,1,1,NA,NA
2539,20-152,U/N Reef,-20.0801,150.6312,1,1,1,-7.605000019
2540,20-153,U/N Reef,-20.095,150.5124,1,1,NA,NA
2541,20-154,U/N Reef,-20.1069,150.4971,1,1,0,-12.46899986
2542,20-155,U/N Reef,-20.1031,150.5774,1,1,1,-8.086999893
2543,20-156,U/N Reef,-20.1253,150.6442,1,1,0,-11.57499981
2544,20-157,U/N Reef,-20.1409,150.6906,1,1,0,-12.33600044
2545,20-158,U/N Reef,-20.1622,150.521,1,1,1,-8.298999786
2546,20-159,U/N Reef,-20.1646,150.7353,1,1,1,-9.475000381
2547,20-160,U/N Reef,-20.166,150.6586,1,1,1,-4.81400013
2548,20-225,Rabbit Reef,-20.828,148.8966,1,1,1,-1.675999999
2549,20-226,Fish Reef,-20.8416,148.9271,1,1,1,-1.970000029
2550,20-266,Maryport Reef,-20.7595,149.2714,1,1,1,-0.395999998
2551,20-267,Edgell Rock Reef,-20.7646,149.2706,1,1,1,-0.640999973
2552,20-268,Baxendell Shoal,-20.7733,149.2595,1,1,0,-10.57600021
2553,20-269,Cockermouth Reef,-20.7787,149.3975,1,1,1,0.97299999
2554,20-095,Seaforth Reef,-20.4699,149.0358,1,1,1,-0.015
2555,20-096,Mansell Reef,-20.4713,149.1262,1,1,1,-0.123000003
2556,20-161,U/N Reef,-20.1799,150.5355,1,1,1,-6.447999954
2557,20-162,U/N Reef,-20.1905,150.6262,1,1,NA,NA
2558,20-163,U/N Reef,-20.2008,150.5607,1,1,1,-4.09800005
2559,20-164,U/N Reef,-20.2053,150.6434,1,1,NA,NA
2560,20-165,U/N Reef,-20.2039,150.7104,1,1,1,-7.000999928
2561,20-166,U/N Reef,-20.2248,150.5479,1,1,1,-1.542999983
2562,20-227,Mausoleum Reef,-20.8609,148.9395,1,1,1,0.66900003
2563,20-228,Newry Reef,-20.8461,148.9187,1,1,1,-2.266000032
2564,20-270a,Carlisle Reef,-20.8011,149.2813,1,1,1,1.07099998
2565,20-098,Brush Island Reef,-20.4857,149.0545,1,1,1,-0.155000001
2566,20-099,Little Lindeman Reef,-20.4223,149.0318,1,1,1,-0.039999999
2567,20-167,U/N Reef,-20.2592,150.5127,1,1,1,-0.048
2568,20-168,U/N Reef,-20.2307,150.654,1,1,1,-3.164000034
2569,20-170,U/N Reef,-20.2412,150.7452,1,1,1,-3.811000109
2570,20-171,U/N Reef,-20.229,150.7649,1,1,1,-9.074000359
2571,20-229,Red Cliff Islands Reef,-20.8708,148.9599,1,1,1,1.598999977
2572,20-230,U/N Reef,-20.8914,148.9915,1,1,1,1.006000042
2573,20-270b,Brampton Reef,-20.8162,149.267,1,1,1,0.486000001
2574,20-272,Bolton Shoal,-20.8434,149.2814,1,1,1,-9.942000389
2575,20-273,Fantome Rocks,-20.8605,149.2438,1,1,0,-11.08500004
2576,20-274,U/N Reef,-20.8986,149.0332,1,1,1,0.758000016
2577,20-275,Wedge Island Reef,-20.9172,149.0589,1,1,NA,NA
2578,20-276,Hyde Rock Reef,-20.9136,149.3551,1,1,NA,NA
2579,20-100,Triangle Island Reef,-20.4901,149.111,1,1,1,-0.526000023
2580,20-101,Yellow Rock Reef,-20.474,149.0599,1,1,1,0.967000008
2581,20-102a,Shaw Island Reef (No 1),-20.4368,149.0809,1,1,1,0.531000018
2582,20-172,U/N Reef,-20.2817,150.5596,1,1,1,-0.615999997
2583,20-173,U/N Reef,-20.2568,150.7111,1,1,0,-12.18599987
2584,20-174,U/N Reef,-20.2753,150.6426,1,1,1,-7.212999821
2585,20-175,U/N Reef,-20.2593,150.74,1,1,1,-1.807000041
2586,20-176,U/N Reef,-20.2789,150.7377,1,1,1,-4.539999962
2587,20-177,U/N Reef,-20.2692,150.7566,1,1,1,-8.767999649
2588,20-178,U/N Reef,-20.3032,150.7418,1,1,1,-6.791999817
2589,20-231,Volskow Reef,-20.5063,149.0894,1,1,1,-0.633000016
2590,20-232,Keyser Reef,-20.5224,149.0846,1,1,1,-0.022
2591,20-277a,Keswick Island Reef (No 1),-20.9101,149.3914,1,1,1,1.513000011
2592,20-277b,Keswick Island Reef (No 2),-20.9185,149.4009,1,1,1,1.519000053
2593,20-277c,Keswick Island Reef (No 3),-20.9215,149.413,1,1,1,1.539999962
2594,20-279a,St Bees Island Reef (No 1),-20.9041,149.4366,1,1,1,-0.027000001
2595,20-102b,Shaw Island Reef (No 2),-20.4584,149.0799,1,1,1,0.002
2596,20-102c,Shaw Island Reef (No 3),-20.4744,149.0735,1,1,1,0.368000001
2597,20-102d,Shaw Island Reef (No 4),-20.4988,149.0584,1,1,1,0.782999992
2598,20-104,U/N Reef,-20.0316,149.688,1,1,1,-1.039999962
2599,20-179,U/N Reef,-20.3025,150.6079,1,1,1,-0.773999989
2600,20-180,U/N Reef,-20.2814,150.8041,1,1,0,-11.49100018
2601,20-181,U/N Reef,-20.2905,150.7931,1,1,1,-8.156999588
2602,20-182,U/N Reef,-20.3331,150.5783,1,1,1,-0.467000008
2603,20-183,U/N Reef,-20.324,150.6672,1,1,0,-13.76500034
2604,20-233,Long Rock Reef,-20.5334,149.0873,1,1,1,-1.123999953
2605,21-686,U/N Reef,-21.6403,152.0277,1,0,NA,NA
2606,21-687,U/N Reef,-21.6749,152.0335,1,0,NA,NA
2607,21-688,U/N Reef,-21.6677,152.0348,1,0,NA,NA
2608,21-689,U/N Reef,-21.6958,152.0675,1,0,NA,NA
2609,21-690,U/N Reef,-21.6398,152.0779,1,0,NA,NA
2610,21-691,U/N Reef,-21.6371,152.0808,1,0,NA,NA
2611,21-692,U/N Reef,-21.4337,152.099,1,0,NA,NA
2612,21-693,U/N Reef,-21.5657,152.1001,1,0,NA,NA
2613,21-694,U/N Reef,-21.6418,152.1421,1,0,NA,NA
2614,21-695,U/N Reef,-21.6384,152.1434,1,0,NA,NA
2615,21-696,U/N Reef,-21.5487,152.1453,1,0,NA,NA
2616,22-015,McEwen Reef,-22.1431,149.5955,1,1,1,0.944000006
2617,22-016,Pilot Reef,-22.1531,149.6065,1,1,NA,NA
2618,22-017,Boyle Reef,-22.1379,149.843,1,1,NA,NA
2619,22-018,Tide Reef,-22.1349,149.9404,1,1,NA,NA
2620,22-019,Long Island Reef,-22.1901,149.8445,1,1,NA,NA
2621,21-480,U/N Reef,-21.5724,152.3021,1,0,1,-0.828000009
2622,21-481,U/N Reef,-21.5713,151.9997,1,0,1,-0.953999996
2623,21-482,U/N Reef,-21.5718,152.2552,1,0,1,-6.214000225
2624,21-483,U/N Reef,-21.5721,152.4419,1,0,1,-0.666000009
2625,21-484,U/N Reef,-21.5796,152.3682,1,0,1,-0.572000027
2626,21-485,U/N Reef,-21.5788,152.4072,1,0,1,-0.925999999
2627,21-486,U/N Reef,-21.5935,152.4047,1,0,1,-1.057999969
2628,21-552,Obstruction Reef,-21.9628,152.4667,1,1,1,-0.666999996
2629,21-553,U/N Reef,-21.9763,152.3469,1,1,1,-1.25
2630,21-554,U/N Reef,-21.9798,152.3745,1,1,1,-1.248999953
2631,21-555,U/N Reef,-21.979,152.2322,1,1,1,-1.199000001
2632,21-556,Gannett Cay Reef,-21.9816,152.4774,1,1,1,0.166999996
2633,21-557,U/N Reef,-21.9823,152.464,1,1,1,-0.734000027
2634,21-697,U/N Reef,-21.6403,152.1478,1,0,NA,NA
2635,21-698,U/N Reef,-21.914,152.1498,1,1,NA,NA
2636,21-699,U/N Reef,-21.6356,152.1514,1,0,NA,NA
2637,21-700,U/N Reef,-21.9104,152.1528,1,1,NA,NA
2638,21-701,U/N Reef,-21.9186,152.1541,1,1,NA,NA
2639,21-702,U/N Reef,-21.7628,152.1609,1,1,NA,NA
2640,21-703,U/N Reef,-21.5613,152.1627,1,0,NA,NA
2641,21-704,U/N Reef,-21.4969,152.179,1,0,NA,NA
2642,21-705,U/N Reef,-21.4594,152.2054,1,0,NA,NA
2643,21-706,U/N Reef,-21.8624,152.2061,1,1,NA,NA
2644,21-707,U/N Reef,-21.4167,152.2067,1,0,NA,NA
2645,21-487,U/N Reef,-21.5895,152.3256,1,0,1,-0.671000004
2646,21-488,U/N Reef,-21.5916,152.0752,1,0,1,-1.175999999
2647,21-489,U/N Reef,-21.6038,152.1929,1,0,1,-0.962000012
2648,21-490,Turrum Reef,-21.6058,152.3697,1,0,1,-1.120000005
2649,21-491,U/N Reef,-21.6108,152.4736,1,0,1,-0.60799998
2650,21-558,U/N Reef,-21.5486,152.5457,1,0,1,-0.02
2651,21-559,U/N Reef,-21.5731,152.534,1,0,1,-0.144999996
2652,21-560,U/N Reef,-21.6621,152.5398,1,0,1,-0.023
2653,21-561,U/N Reef,-21.7135,152.5085,1,0,0,-11.02999973
2654,21-708,U/N Reef,-21.5286,152.2092,1,0,NA,NA
2655,21-709,U/N Reef,-21.8645,152.2105,1,1,NA,NA
2656,21-710,U/N Reef,-21.4112,152.2143,1,0,NA,NA
2657,21-711,U/N Reef,-21.5146,152.2154,1,0,NA,NA
2658,21-712,U/N Reef,-21.4225,152.2159,1,0,NA,NA
2659,21-713,U/N Reef,-21.4439,152.2181,1,0,NA,NA
2660,21-714,U/N Reef,-21.8644,152.224,1,1,NA,NA
2661,21-715,U/N Reef,-21.9498,152.229,1,1,NA,NA
2662,21-716,U/N Reef,-21.7398,152.2293,1,0,NA,NA
2663,21-717,U/N Reef,-21.7432,152.2293,1,0,NA,NA
2664,21-718,U/N Reef,-21.7384,152.2344,1,0,NA,NA
2665,22-020,West Side Reef,-22.149,149.8501,1,1,NA,NA
2666,22-021a,Double Rocks Reef (North),-22.0829,150.008,1,1,NA,NA
2667,22-021b,Double Rocks Reef (South),-22.0866,150.004,1,1,NA,NA
2668,21-492,U/N Reef,-21.6108,152.2127,1,0,1,-1.207999945
2669,21-493,U/N Reef,-21.623,152.134,1,0,1,-0.421000004
2670,21-494,U/N Reef,-21.6353,152.3084,1,0,1,-1.123000026
2671,21-495,Bacchi Reef,-21.634,152.3888,1,0,1,0.233999997
2672,21-562,Turner Reef,-21.7196,152.5588,1,0,1,-0.170000002
2673,21-563,U/N Reef,-21.7294,152.5209,1,0,0,-10.07199955
2674,21-564,Half Tide Reef,-21.7742,152.5089,1,0,1,-0.68900001
2675,21-565,Bills Reef,-21.7866,152.593,1,0,1,0.066
2676,21-719,U/N Reef,-21.5145,152.2365,1,0,NA,NA
2677,21-720,U/N Reef,-21.5217,152.2462,1,0,NA,NA
2678,21-721,U/N Reef,-21.7365,152.2504,1,0,NA,NA
2679,21-722,U/N Reef,-21.6824,152.2519,1,0,NA,NA
2680,21-723,U/N Reef,-21.5141,152.2526,1,0,NA,NA
2681,21-724,U/N Reef,-21.7775,152.2589,1,1,NA,NA
2682,21-725,U/N Reef,-21.7346,152.265,1,0,NA,NA
2683,21-726,U/N Reef,-21.67,152.2679,1,0,NA,NA
2684,22-024,Coal Reef,-22.1441,149.8647,1,1,NA,NA
2685,22-026,One Fathom Patch,-22.2645,149.7501,1,1,NA,NA
2686,22-027,Turtle Island Reef,-22.3594,149.7756,1,1,NA,NA
2687,22-028,NA,-22.3877,149.8191,0,1,NA,NA
2688,22-029,NA,-22.4705,149.9041,0,1,NA,NA
2689,22-030,Shields Reef,-22.0041,150.3769,1,1,1,0.083999999
2690,21-496,U/N Reef,-21.6459,152.4758,1,0,1,-0.617999971
2691,21-497,Thomas Reef,-21.6639,152.3425,1,0,1,-0.007
2692,21-498,U/N Reef,-21.6282,152.2632,1,0,1,-0.77700001
2693,21-499,U/N Reef,-21.6645,152.4517,1,0,1,-0.887000024
2694,21-566,Blu-Lion Reef,-21.8213,152.6275,1,0,1,-0.312000006
2695,21-567,U/N Reef,-21.8259,152.5451,1,0,1,-3.404999971
2696,21-568,U/N Reef,-21.8288,152.5223,1,0,1,-0.861000001
2697,21-569,U/N Reef,-21.8483,152.5358,1,0,1,-0.736000001
2698,21-570,Triangle Reef,-21.846,152.6356,1,0,1,-0.159999996
2699,21-571,U/N Reef,-21.851,152.5935,1,0,1,-0.671000004
2700,21-572,Small Lagoon Reef,-21.8748,152.5092,1,0,1,-1.001999974
2701,21-727,U/N Reef,-21.6962,152.2727,1,0,NA,NA
2702,21-728,U/N Reef,-21.6073,152.2729,1,0,NA,NA
2703,21-729,U/N Reef,-21.8043,152.273,1,1,NA,NA
2704,21-730,U/N Reef,-21.6567,152.2787,1,0,NA,NA
2705,21-731,U/N Reef,-21.9214,152.2858,1,1,NA,NA
2706,21-732,U/N Reef,-21.6646,152.2882,1,0,NA,NA
2707,21-733,U/N Reef,-21.8575,152.3002,1,1,NA,NA
2708,21-734,U/N Reef,-21.4507,152.3008,1,0,NA,NA
2709,21-735,U/N Reef,-21.9328,152.3016,1,1,NA,NA
2710,21-421,Morkar Reef,-21.9694,150.1559,1,1,1,-0.130999997
2711,21-500,U/N Reef,-21.6743,152.394,1,0,1,-0.745000005
2712,21-501,Recreation Reef,-21.6784,152.4414,1,0,1,-0.980000019
2713,21-502,U/N Reef,-21.6751,152.498,1,0,1,-0.620000005
2714,21-503,U/N Reef,-21.6867,152.2045,1,0,0,-11.08300018
2715,21-573,U/N Reef,-21.8681,152.6142,1,0,1,-0.680999994
2716,21-574,U/N Reef,-21.8725,152.5808,1,0,1,-0.620000005
2717,21-575,Heart Reef,-21.8944,152.6571,1,0,1,-0.393000007
2718,21-576,U/N Reef,-21.8987,152.5897,1,0,1,-0.640999973
2719,21-577,Central Reef,-21.9219,152.522,1,1,1,-1.072000027
2720,21-578,U/N Reef,-21.9184,152.6062,1,0,1,-0.372000009
2721,21-579,Hill Reef,-21.9117,152.6724,1,0,1,-0.503000021
2722,21-736,U/N Reef,-21.7904,152.3051,1,1,NA,NA
2723,21-737,U/N Reef,-21.4941,152.3081,1,0,NA,NA
2724,21-738,U/N Reef,-21.4466,152.3083,1,0,NA,NA
2725,21-739,U/N Reef,-21.4751,152.3117,1,0,NA,NA
2726,21-740,U/N Reef,-21.6539,152.3132,1,0,NA,NA
2727,21-741,U/N Reef,-21.4215,152.3147,1,0,NA,NA
2728,21-742,U/N Reef,-21.5547,152.3164,1,0,NA,NA
2729,21-743,U/N Reef,-21.6914,152.3176,1,0,NA,NA
2730,21-744,U/N Reef,-21.8901,152.3202,1,1,NA,NA
2731,21-423a,Marble Reef,-21.9913,150.1645,1,1,1,0.184
2732,21-423b,Marble Reef,-21.9801,150.1918,1,1,1,-0.039999999
2733,21-424,Allandale Reef,-21.9713,150.382,1,1,NA,NA
2734,21-425a,Tynemouth Island Reef (No 1),-22.0005,150.1249,1,1,1,-0.261999995
2735,21-425b,Tynemouth Island Reef (No 2),-21.9881,150.1331,1,1,1,-0.769999981
2736,21-504,U/N Reef,-21.6959,152.0877,1,1,1,-1.133000016
2737,21-505,Isobel Bennett Reef,-21.7067,152.3487,1,0,1,-1.110999942
2738,21-506,U/N Reef,-21.7153,152.2895,1,0,1,-0.726999998
2739,21-580,U/N Reef,-21.9388,152.5899,1,1,1,-0.256000012
2740,21-581,U/N Reef,-21.9397,152.6261,1,0,1,-0.671999991
2741,21-582,Beacon Reef,-21.9358,152.6879,1,0,1,-0.170000002
2742,21-583,U/N Reef,-21.9428,152.6579,1,0,1,-0.665000021
2743,21-584,Jenkins Reef,-21.9552,152.5995,1,1,1,-0.704999983
2744,21-585,U/N Reef,-21.9655,152.5721,1,1,1,-0.029999999
2745,21-745,U/N Reef,-21.4289,152.3203,1,0,NA,NA
2746,21-746,U/N Reef,-21.9882,152.3233,1,1,NA,NA
2747,21-747,U/N Reef,-21.6881,152.3238,1,0,NA,NA
2748,21-748,U/N Reef,-21.555,152.3257,1,0,NA,NA
2749,21-749,U/N Reef,-21.9501,152.3381,1,1,NA,NA
2750,21-750,U/N Reef,-21.5598,152.3389,1,0,NA,NA
2751,21-751,U/N Reef,-21.55,152.342,1,0,NA,NA
2752,21-752,U/N Reef,-21.9199,152.3432,1,1,NA,NA
2753,21-428,High Peak Reef,-21.9571,150.6876,1,1,1,-0.025
2754,21-430,Morpeth Reef,-21.9826,150.5865,1,1,1,-0.335999995
2755,21-507,U/N Reef,-21.7046,152.4504,1,0,1,-0.773999989
2756,21-508,U/N Reef,-21.7205,152.3693,1,0,0,-11.01000023
2757,21-509,U/N Reef,-21.7282,152.3867,1,0,1,-0.120999999
2758,21-510,U/N Reef,-21.7331,152.3687,1,0,NA,NA
2759,21-511,Frigate Reef,-21.7344,152.4285,1,0,1,0.074000001
2760,21-586,Follett Reef,-21.9672,152.7014,1,0,1,-0.25999999
2761,21-587,U/N Reef,-21.9736,152.6609,1,0,1,-0.481000006
2762,21-588,Wade Reef,-21.9855,152.6488,1,1,1,-0.462000012
2763,21-589,Littles Reef,-21.9778,152.5434,1,1,1,-0.819999993
2764,21-590,U/N Reef,-21.9816,152.566,1,1,1,-0.819999993
2765,21-591,U/N Reef,-21.0228,150.3724,1,1,1,-1.718000054
2766,21-592,Adroit Shoal,-21.5836,151.0403,1,1,0,-18.6590004
2767,21-753,U/N Reef,-21.4617,152.3445,1,0,NA,NA
2768,21-754,U/N Reef,-21.5538,152.3496,1,0,NA,NA
2769,21-755,U/N Reef,-21.4803,152.3536,1,0,NA,NA
2770,21-756,U/N Reef,-21.5038,152.3567,1,0,NA,NA
2771,21-757,U/N Reef,-21.8499,152.3651,1,1,0,-12.57499981
2772,21-758,U/N Reef,-21.4342,152.3669,1,0,NA,NA
2773,21-759,U/N Reef,-21.4052,152.369,1,0,1,-2.846999884
2774,21-760,U/N Reef,-21.7526,152.3719,1,0,NA,NA
2775,21-431,Berwick Reef,-21.9908,150.6693,1,1,1,-0.131999999
2776,21-432,Heralds Reef Prong,-21.5115,151.3967,1,1,1,-1.450000048
2777,21-433,U/N Reef,-21.5507,151.4776,1,1,1,-1.044999957
2778,21-434,Heralds Prong No 3,-21.6073,151.3826,1,1,1,-1.175999999
2779,21-512,U/N Reef,-21.7582,152.3345,1,0,1,-0.239999995
2780,21-513,U/N Reef,-21.7521,152.2013,1,1,1,-0.680000007
2781,21-514,Detour Reef,-21.7607,152.4145,1,0,1,-0.896000028
2782,21-593,Owens Shoal,-21.614,150.2136,1,1,NA,NA
2783,21-594,U/N Reef,-21.0463,151.4925,1,1,1,-1.222000003
2784,21-595,U/N Reef,-21.0358,151.5068,1,1,1,-1.230000019
2785,21-596,U/N Reef,-21.0356,151.5175,1,1,1,-1.419999957
2786,21-597,U/N Reef,-21.0399,151.5186,1,1,1,-2.296000004
2787,21-598,U/N Reef,-21.0457,151.5384,1,1,1,-7.364999771
2788,21-599,U/N Reef,-21.3171,151.4973,1,1,0,-14.18500042
2789,21-600,U/N Reef,-21.3496,151.5625,1,1,0,-11.61600018
2790,21-601,U/N Reef,-21.2311,151.5763,1,1,0,-12.12699986
2791,21-761,U/N Reef,-21.8619,152.3757,1,1,1,-1.141000032
2792,21-762,U/N Reef,-21.9381,152.3759,1,1,NA,NA
2793,21-763,U/N Reef,-21.7102,152.3834,1,0,1,-1.975999951
2794,21-764,U/N Reef,-21.6466,152.4101,1,0,1,-0.871999979
2795,21-768,U/N Reef,-21.9754,152.4124,1,1,NA,NA
2796,21-769,U/N Reef,-21.6689,152.4132,1,0,1,-1.144999981
2797,21-770,U/N Reef,-21.9709,152.416,1,1,NA,NA
2798,21-771,U/N Reef,-21.4688,152.4228,1,0,NA,NA
2799,21-772,U/N Reef,-21.4561,152.4238,1,0,NA,NA
2800,21-773,U/N Reef,-21.9816,152.4239,1,1,0,-18.31500053
2801,21-774,U/N Reef,-21.9745,152.4284,1,1,NA,NA
2802,21-775,U/N Reef,-21.5101,152.4478,1,0,NA,NA
2803,21-435,Bell Reef,-21.8149,151.2603,1,1,1,-0.008
2804,21-436,U/N Reef,-21.4971,151.6009,1,1,1,-1.082000017
2805,21-437,U/N Reef,-21.5039,151.9733,1,0,1,-1.23300004
2806,21-438,U/N Reef,-21.5158,151.8117,1,0,1,-0.864000022
2807,21-439,U/N Reef,-21.5184,151.6534,1,0,1,-1.031000018
2808,21-515,U/N Reef,-21.788,152.1195,1,1,1,-0.393999994
2809,21-516,U/N Reef,-21.7996,152.1503,1,1,1,-0.89200002
2810,21-517,Small Reef,-21.7758,152.4243,1,0,1,-0.126000002
2811,21-518,Price Cay Reef,-21.7845,152.4555,1,0,1,-0.024
2812,21-602,U/N Reef,-21.323,151.5844,1,1,0,-17.40600014
2813,21-603,U/N Reef,-21.2605,151.6062,1,1,NA,NA
2814,21-604,U/N Reef,-21.2275,151.6161,1,1,NA,NA
2815,21-605,U/N Reef,-21.0981,151.6393,1,0,1,-1.277999997
2816,21-606,U/N Reef,-21.0191,151.6582,1,0,NA,NA
2817,21-607,U/N Reef,-20.9999,151.6837,1,0,NA,NA
2818,21-608,U/N Reef,-21.3606,151.6884,1,0,0,-11.33199978
2819,21-609,U/N Reef,-21.3003,151.7086,1,0,0,-15.98200035
2820,21-610,U/N Reef,-21.1224,151.7145,1,0,NA,NA
2821,21-611,U/N Reef,-21.3176,151.7157,1,0,0,-12.31999969
2822,21-612,U/N Reef,-21.0479,151.7587,1,0,NA,NA
2823,21-613,U/N Reef,-21.1006,151.7622,1,0,NA,NA
2824,21-776,U/N Reef,-21.4264,152.4685,1,0,NA,NA
2825,21-777,U/N Reef,-21.8189,152.4697,1,0,1,-0.873000026
2826,21-778,U/N Reef,-21.595,152.4892,1,0,0,-11.94900036
2827,21-779,U/N Reef,-21.7288,152.5135,1,0,1,-9.590000153
2828,21-780,U/N Reef,-21.6103,152.5373,1,0,0,-11.67399979
2829,21-781,U/N Reef,-21.5966,152.5382,1,0,1,-9.779999733
2830,21-782,U/N Reef,-21.5174,152.5628,1,0,0,-13.96199989
2831,21-783,U/N Reef,-21.4511,152.5745,1,0,NA,NA
2832,21-784,U/N Reef,-21.4569,152.5767,1,0,0,-15.10400009
2833,21-785,U/N Reef,-21.4257,152.6076,1,0,0,-17.46999931
2834,21-786,U/N Reef,-21.7045,152.6299,1,0,0,-14.23900032
2835,21-440,U/N Reef,-21.5225,151.5418,1,1,1,-1.268000007
2836,21-441,U/N Reef,-21.5274,151.7746,1,0,1,-1.572999954
2837,21-442,U/N Reef,-21.5235,151.9151,1,0,1,-1.138000011
2838,21-443,U/N Reef,-21.5683,151.7071,1,0,1,-1.44599998
2839,21-444,U/N Reef,-21.5786,151.6203,1,0,1,-1.396000028
2840,21-445,U/N Reef,-21.5835,151.7742,1,0,0,-21.71699905
2841,21-446,U/N Reef,-21.5757,151.9379,1,0,1,-1.101999998
2842,21-447,U/N Reef,-21.6027,151.9217,1,0,0,-22.98800087
2843,21-519,Turtle Reef,-21.7998,152.3828,1,0,1,-0.079000004
2844,21-520,U/N Reef,-21.8055,152.4764,1,0,1,-0.935000002
2845,21-521,U/N Reef,-21.8085,152.4542,1,0,1,-0.453999996
2846,21-522,U/N Reef,-21.807,152.4094,1,0,1,-8.767000198
2847,21-523,U/N Reef,-21.8165,152.2109,1,1,1,-0.665000021
2848,21-614,U/N Reef,-21.1058,151.779,1,0,NA,NA
2849,21-615,U/N Reef,-21.1264,151.7854,1,0,NA,NA
2850,21-616,U/N Reef,-21.0683,151.8044,1,0,NA,NA
2851,21-617,U/N Reef,-21.1425,151.8161,1,0,NA,NA
2852,21-618,U/N Reef,-21.3864,151.8564,1,0,NA,NA
2853,21-619,U/N Reef,-21.0534,151.8857,1,0,NA,NA
2854,21-620,U/N Reef,-21.1934,151.913,1,0,0,-12.12100029
2855,21-621,U/N Reef,-21.3455,151.9233,1,0,0,-13.91300011
2856,21-622,U/N Reef,-21.2488,151.9352,1,0,0,-11.74699974
2857,21-623,U/N Reef,-21.3449,151.9645,1,0,NA,NA
2858,21-787,U/N Reef,-21.6997,152.631,1,0,NA,NA
2859,21-788,U/N Reef,-21.8039,152.6421,1,0,0,-10.67000008
2860,21-789,U/N Reef,-21.5828,152.6495,1,0,NA,NA
2861,21-791,U/N Reef,-21.1271,150.643,1,1,NA,NA
2862,21-792,U/N Reef,-21.0499,150.7915,1,1,NA,NA
2863,21-793,U/N Reef,-21.2898,150.9083,1,1,0,-16.52599907
2864,21-794,U/N Reef,-21.1076,150.9342,1,1,NA,NA
2865,21-795,U/N Reef,-21.2308,150.9555,1,1,0,-13.91800022
2866,21-796,U/N Reef,-21.2553,150.9618,1,1,NA,NA
2867,21-797,U/N Reef,-21.1755,150.9653,1,1,NA,NA
2868,21-798,U/N Reef,-21.2434,150.9705,1,1,NA,NA
2869,21-799,U/N Reef,-21.2078,150.9809,1,1,NA,NA
2870,21-448,U/N Reef,-21.6232,151.519,1,1,1,-1.376999974
2871,21-449,U/N Reef,-21.6255,151.5775,1,1,1,-1.465000033
2872,21-450,U/N Reef,-21.6271,151.6245,1,1,1,-1.220000029
2873,21-451,U/N Reef,-21.629,151.7902,1,1,1,-1.414000034
2874,21-452,U/N Reef,-21.6474,151.6071,1,1,1,-1.587000012
2875,21-453,U/N Reef,-21.6546,151.6924,1,1,1,-1.373000026
2876,21-524,Houdini Reef,-21.8234,152.4279,1,0,1,-0.861000001
2877,21-525,U/N Reef,-21.8232,152.4593,1,0,1,-0.848999977
2878,21-526,U/N Reef,-21.8316,152.3122,1,1,1,-1.243000031
2879,21-527,U/N Reef,-21.8418,152.4667,1,0,1,-0.908999979
2880,21-528,U/N Reef,-21.8563,152.2672,1,1,NA,NA
2881,21-529,U/N Reef,-21.8669,152.173,1,1,1,-1.067999959
2882,21-530,U/N Reef,-21.8555,152.4398,1,1,1,-0.730000019
2883,21-624,U/N Reef,-21.1634,151.9738,1,0,NA,NA
2884,21-625,U/N Reef,-21.0244,151.9808,1,0,NA,NA
2885,21-626,U/N Reef,-21.354,151.9887,1,0,0,-15.71199989
2886,21-627,U/N Reef,-21.2104,151.9934,1,0,NA,NA
2887,21-628,U/N Reef,-21.2032,151.9976,1,0,NA,NA
2888,21-629,U/N Reef,-21.0833,152.1678,1,0,NA,NA
2889,21-630,U/N Reef,-21.3771,152.1784,1,0,NA,NA
2890,21-800,U/N Reef,-21.2724,150.9881,1,1,0,-17.17000008
2891,21-801,U/N Reef,-21.2442,150.9985,1,1,NA,NA
2892,21-804,U/N Reef,-21.2362,151.0041,1,1,NA,NA
2893,21-805,U/N Reef,-21.3066,151.0346,1,1,1,-2.236000061
2894,21-806,U/N Reef,-21.0065,151.0753,1,1,NA,NA
2895,21-807,U/N Reef,-21.2059,151.0753,1,1,NA,NA
2896,21-808,U/N Reef,-21.1505,151.0812,1,1,NA,NA
2897,21-809,U/N Reef,-21.1187,151.0967,1,1,NA,NA
2898,21-810,U/N Reef,-21.3479,151.1291,1,1,NA,NA
2899,21-454,U/N Reef,-21.7661,151.9684,1,1,1,-1.133000016
2900,21-455,U/N Reef,-21.6493,151.9144,1,1,1,-0.984000027
2901,21-456,U/N Reef,-21.6486,151.9779,1,0,NA,NA
2902,21-457,U/N Reef,-21.6727,151.567,1,1,1,-0.845000029
2903,21-458,U/N Reef,-21.6719,151.623,1,1,1,-1.037999988
2904,21-459,Heralds Prong No 2,-21.7055,151.5463,1,1,1,-0.5
2905,21-531,U/N Reef,-21.8629,152.4086,1,1,1,-1.31099999
2906,21-532,U/N Reef,-21.8628,152.3541,1,1,1,-1.254999995
2907,21-533,U/N Reef,-21.8675,152.3061,1,1,NA,NA
2908,21-534,U/N Reef,-21.8773,152.1315,1,1,1,-8.590999603
2909,21-535,U/N Reef,-21.9005,152.1248,1,1,NA,NA
2910,21-536,Mervs Reef,-21.8923,152.3644,1,1,1,-1.156000018
2911,21-537,U/N Reef,-21.8808,152.3952,1,1,1,-0.758000016
2912,21-631,U/N Reef,-21.4007,152.1809,1,0,NA,NA
2913,21-632,U/N Reef,-21.3313,152.2501,1,0,NA,NA
2914,21-633,U/N Reef,-21.3707,152.2539,1,0,NA,NA
2915,21-634,U/N Reef,-21.199,152.2606,1,0,NA,NA
2916,21-635,U/N Reef,-21.2853,152.2775,1,0,NA,NA
2917,21-636,U/N Reef,-21.2628,152.3048,1,0,NA,NA
2918,21-637,U/N Reef,-21.3247,152.3522,1,0,NA,NA
2919,21-638,U/N Reef,-21.3735,152.4061,1,0,NA,NA
2920,21-639,U/N Reef,-21.1595,152.4112,1,0,NA,NA
2921,21-640,U/N Reef,-21.1836,152.4199,1,0,0,-20.08600044
2922,21-641,U/N Reef,-21.1696,152.4258,1,0,NA,NA
2923,21-642,U/N Reef,-21.3997,152.4674,1,0,NA,NA
2924,21-811,U/N Reef,-21.3397,151.1431,1,1,NA,NA
2925,21-812,U/N Reef,-21.256,151.1464,1,1,NA,NA
2926,21-813,U/N Reef,-21.2993,151.1863,1,1,NA,NA
2927,21-814,U/N Reef,-21.4631,151.2329,1,1,NA,NA
2928,21-815,U/N Reef,-21.1044,151.2709,1,1,1,-7.945000172
2929,21-816,U/N Reef,-21.0941,151.2908,1,1,1,-8.524999619
2930,21-817,U/N Reef,-21.0075,151.3275,1,1,1,-1.940999985
2931,21-818,U/N Reef,-21.0047,151.3638,1,1,0,-14.34500027
2932,21-819,U/N Reef,-21.0572,151.3926,1,1,0,-12.7159996
2933,21-820,U/N Reef,-21.0452,151.4019,1,1,1,-8.866000175
2934,21-821,U/N Reef,-21.5834,151.4036,1,1,0,-11.86299992
2935,21-822,U/N Reef,-21.0313,151.4086,1,1,1,-1.386999965
2936,21-465,U/N Reef,-21.8044,151.882,1,1,1,-0.953999996
2937,21-466,U/N Reef,-21.8379,151.9869,1,1,1,-0.935000002
2938,21-467,U/N Reef,-21.8867,151.9263,1,1,1,-0.58099997
2939,21-538,Emperor Reef,-21.8837,152.4438,1,1,1,-0.889999986
2940,21-539,U/N Reef,-21.9401,152.2711,1,1,1,-1.26699996
2941,21-540,U/N Reef,-21.9058,152.4777,1,1,1,-1.008999944
2942,21-541,U/N Reef,-21.9086,152.4503,1,1,0,-11.06200027
2943,21-542,U/N Reef,-21.9175,152.466,1,1,1,-0.630999982
2944,21-543,Long Reef,-21.9229,152.3927,1,1,1,-1.220000029
2945,21-643,U/N Reef,-21.3448,152.4735,1,0,NA,NA
2946,21-644,U/N Reef,-21.3772,152.4869,1,0,NA,NA
2947,21-645,U/N Reef,-21.2173,152.4987,1,0,1,-1.021999955
2948,21-655,U/N Reef,-21.1169,152.4991,1,0,NA,NA
2949,21-656,U/N Reef,-21.0744,152.513,1,0,NA,NA
2950,21-657,U/N Reef,-21.3683,152.549,1,0,0,-17.38299942
2951,21-658,U/N Reef,-21.3067,152.5523,1,0,NA,NA
2952,21-659,U/N Reef,-21.1594,152.5751,1,0,NA,NA
2953,21-660,U/N Reef,-21.1535,152.5816,1,0,NA,NA
2954,21-661,U/N Reef,-21.3648,152.5908,1,0,NA,NA
2955,21-663,U/N Reef,-21.2377,152.6708,1,0,NA,NA
2956,21-823,U/N Reef,-21.3327,151.4535,1,1,1,-1.799999952
2957,21-824,U/N Reef,-21.0581,151.4955,1,1,1,-1.325999975
2958,21-825,U/N Reef,-21.0264,151.4962,1,1,1,-1.467000008
2959,21-826,U/N Reef,-21.6903,150.9508,1,1,NA,NA
2960,21-827,U/N Reef,-21.7102,150.9061,1,1,NA,NA
2961,21-828,U/N Reef,-21.7247,151.0184,1,1,NA,NA
2962,21-460,U/N Reef,-21.7115,151.7422,1,1,1,-0.99000001
2963,21-461,U/N Reef,-21.6975,151.8605,1,1,1,-1.174999952
2964,21-462,U/N Reef,-21.7137,151.9846,1,1,1,-1.001000047
2965,21-463,U/N Reef,-21.7345,151.9442,1,1,1,-1.057999969
2966,21-464,U/N Reef,-21.7559,151.7737,1,1,1,-0.785000026
2967,21-544,U/N Reef,-21.9217,152.1087,1,1,1,-1.131000042
2968,21-545,Moon Reef,-21.9256,152.4339,1,1,1,-0.959999979
2969,21-546,U/N Reef,-21.9309,152.4926,1,1,1,-0.720000029
2970,21-547,U/N Reef,-21.941,152.2117,1,1,1,-8.083000183
2971,21-664,U/N Reef,-21.1498,152.68,1,0,0,-15.39400005
2972,21-665,U/N Reef,-21.4967,151.6202,1,0,0,-20.94099998
2973,21-666,U/N Reef,-21.5115,151.6365,1,0,0,-14.13300037
2974,21-667,U/N Reef,-21.4315,151.8672,1,0,0,-14.70100021
2975,21-668,U/N Reef,-21.7796,151.8909,1,1,NA,NA
2976,21-669,U/N Reef,-21.7828,151.8946,1,1,NA,NA
2977,21-670,U/N Reef,-21.6084,151.8959,1,0,NA,NA
2978,21-671,U/N Reef,-21.7852,151.8997,1,1,NA,NA
2979,21-672,U/N Reef,-21.5908,151.9031,1,0,0,-22.38999939
2980,21-673,U/N Reef,-21.4749,151.9182,1,0,NA,NA
2981,21-674,U/N Reef,-21.8041,151.9262,1,1,NA,NA
2982,22-003a,Wild Duck Island Reef (No 1),-21.9962,149.8869,1,1,NA,NA
2983,22-003b,Wild Duck Island Reef (No 2),-22.0076,149.8681,1,1,NA,NA
2984,22-005,Infelix Islets Reef,-22.0243,149.8309,1,1,NA,NA
2985,21-468,U/N Reef,-21.5038,152.4192,1,0,1,-0.298000008
2986,21-469,U/N Reef,-21.5148,152.389,1,0,1,-5.081999779
2987,21-470,U/N Reef,-21.5116,152.4948,1,0,1,-0.671000004
2988,21-471,U/N Reef,-21.4988,152.05,1,0,0,-20.72599983
2989,21-472,U/N Reef,-21.5211,152.4552,1,0,1,-1.20599997
2990,21-473,U/N Reef,-21.5273,152.4408,1,0,1,-0.317000002
2991,21-474,U/N Reef,-21.5346,152.4746,1,0,1,-0.654999971
2992,21-548,Poulson Reef,-21.9363,152.4589,1,1,1,-0.068999998
2993,21-549,Pike Reef,-21.9481,152.4233,1,1,1,-0.698000014
2994,21-550,U/N Reef,-21.9514,152.3127,1,1,1,-1.394000053
2995,21-551,U/N Reef,-21.9606,152.0556,1,1,1,-0.667999983
2996,21-675,U/N Reef,-21.7486,151.9428,1,1,NA,NA
2997,21-676,U/N Reef,-21.8832,151.9601,1,1,NA,NA
2998,21-677,U/N Reef,-21.5908,151.9614,1,0,NA,NA
2999,21-678,U/N Reef,-21.8848,151.9721,1,1,NA,NA
3000,21-679,U/N Reef,-21.9157,151.9871,1,1,NA,NA
3001,21-680,U/N Reef,-21.6983,152.0054,1,1,NA,NA
3002,21-681,U/N Reef,-21.695,152.0189,1,1,NA,NA
3003,21-682,U/N Reef,-21.6761,152.0213,1,0,NA,NA
3004,21-683,U/N Reef,-21.6934,152.0217,1,1,NA,NA
3005,21-684,U/N Reef,-21.686,152.0251,1,0,NA,NA
3006,21-685,U/N Reef,-21.6768,152.0275,1,0,NA,NA
3007,22-007,North Point Cays Reef,-22.043,149.8116,1,1,NA,NA
3008,22-008,Brooks Shoal,-22.0257,149.9324,1,1,NA,NA
3009,22-009,Barren Island Reef,-22.0324,149.9702,1,1,NA,NA
3010,22-010,Roundish Reef,-22.0558,149.6143,1,1,1,-0.136999995
3011,22-012,South Barren Reef,-22.0534,149.9878,1,1,NA,NA
3012,22-013,Obstruction Shoals,-22.0622,149.9316,1,1,NA,NA
3013,22-014,U/N Reef,-22.174,149.5673,1,1,1,0.93599999
3014,21-475,U/N Reef,-21.5209,152.2797,1,0,1,-0.402999997
3015,21-476,U/N Reef,-21.5509,152.1967,1,0,1,-1.088999987
3016,21-477,U/N Reef,-21.5473,152.3979,1,0,1,-0.917999983
3017,21-478,U/N Reef,-21.5625,152.2732,1,0,1,-0.558000028
3018,21-479,U/N Reef,-21.5614,152.4567,1,0,1,-0.617999971
3019,21-294,U/N Reef,-21.29,152.6053,1,0,1,0.032000002
3020,21-295,U/N Reef,-21.319,152.5806,1,0,1,-0.005
3021,21-296,U/N Reef,-21.3387,152.5534,1,0,1,-0.017999999
3022,21-297a,U/N Reef,-21.3685,152.5059,1,0,1,-1.067999959
3023,21-297b,U/N Reef,-21.3405,152.5248,1,0,1,-0.916999996
3024,21-396,Whites Bay Reef,-21.6731,150.295,1,1,1,-0.103
3025,21-398,West Spur Reef,-21.6836,150.2751,1,1,1,-0.453000009
3026,21-399,East Spur Reef,-21.6844,150.2873,1,1,1,0.30399999
3027,21-401,Howard Islet Reef,-21.7326,150.3164,1,1,1,-0.584999979
3028,21-402,Hixson Islet Reef,-21.7477,150.2894,1,1,NA,NA
3029,21-124,U/N Reef,-21.2571,151.128,1,1,1,-1.322999954
3030,21-125,U/N Reef,-21.2651,151.3749,1,1,1,-1.845000029
3031,21-126,U/N Reef,-21.2946,151.2036,1,1,0,-10.67500019
3032,21-127a,U/N Reef,-21.2916,151.1144,1,1,1,-1.768000007
3033,21-127b,U/N Reef,-21.3176,151.1197,1,1,1,-2.572999954
3034,21-208,U/N Reef,-21.0988,152.1639,1,0,1,-0.477999985
3035,21-209,U/N Reef,-21.1001,152.2564,1,0,1,-0.976000011
3036,21-210,U/N Reef,-21.1019,152.3136,1,0,1,-0.713
3037,21-211,U/N Reef,-21.103,152.3542,1,0,1,-0.80400002
3038,21-212,U/N Reef,-21.1052,152.1565,1,0,1,-0.289000005
3039,21-213,U/N Reef,-21.1064,152.1866,1,0,1,-0.829999983
3040,21-297c,U/N Reef,-21.3518,152.5226,1,0,1,-0.694999993
3041,21-297d,U/N Reef,-21.3584,152.5107,1,0,1,-0.74000001
3042,21-298,U/N Reef,-21.3794,152.5016,1,0,1,-1.942999959
3043,21-299,U/N Reef,-21.3787,152.5291,1,0,1,0.078000002
3044,21-300a,U/N Reef,-21.3932,152.5075,1,0,1,-0.400000006
3045,21-300b,U/N Reef,-21.3944,152.5176,1,0,1,-8.340999603
3046,21-301,U/N Reef,-21.4293,152.5292,1,0,1,-0.391000003
3047,21-302,U/N Reef,-21.4322,152.5813,1,0,1,-0.002
3048,21-403a,South Island Reef (No 1),-21.739,150.3162,1,1,1,-0.066
3049,21-403b,South Island Reef (No 2),-21.7362,150.3444,1,1,1,-2.108999968
3050,21-406,South East Islets Reef,-21.7579,150.4299,1,1,1,-0.129999995
3051,21-128,Storm Reef,-21.3223,151.1672,1,1,1,-1.417000055
3052,21-129,U/N Reef,-21.3538,151.0965,1,1,1,-1.682999969
3053,21-214,Zodiac Reef,-21.1212,152.0493,1,0,1,-0.155000001
3054,21-215,U/N Reef,-21.117,152.3224,1,0,1,-0.231999993
3055,21-216,U/N Reef,-21.1216,152.3891,1,0,1,-0.800999999
3056,21-217,U/N Reef,-21.1249,152.4724,1,0,1,-0.938000023
3057,21-218,U/N Reef,-21.132,152.4851,1,0,1,-0.879999995
3058,21-219,U/N Reef,-21.1349,152.1825,1,0,1,-0.889999986
3059,21-220,U/N Reef,-21.1569,152.143,1,0,1,-0.68599999
3060,21-303,U/N Reef,-21.4607,152.5197,1,0,1,-0.432000011
3061,21-304,U/N Reef,-21.4738,152.5101,1,0,1,-0.409999996
3062,21-305,East Cay Reef,-21.4837,152.5644,1,0,1,0.165000007
3063,21-306,U/N Reef,-21.4949,152.5095,1,0,1,-0.700999975
3064,21-307,U/N Reef,-21.5371,149.4793,1,1,1,1.626999974
3065,21-414a,Bamborough Island Reef (No 1),-21.9234,150.1048,1,1,1,0.082000002
3066,21-414b,Bamborough Island Reef (No 2),-21.9216,150.1193,1,1,1,0.300999999
3067,21-415,Jeffreys Rocks Reef,-21.9145,150.2283,1,1,1,-0.189999998
3068,21-130,U/N Reef,-21.343,151.2778,1,1,1,-1.54400003
3069,21-131,Nancy Foster Reef,-21.3697,151.3673,1,1,1,-1.613000035
3070,21-132,U/N Reef,-21.3944,151.328,1,1,1,-1.621999979
3071,21-133,U/N Reef,-21.3782,151.2503,1,1,1,-1.886000037
3072,21-134,U/N Reef,-21.3888,151.2746,1,1,1,-1.590000033
3073,21-221,U/N Reef,-21.1441,152.4301,1,0,1,-0.853999972
3074,21-222,U/N Reef,-21.1545,152.3087,1,0,1,-0.879999995
3075,21-223,U/N Reef,-21.1681,152.1918,1,0,1,-0.888999999
3076,21-224,U/N Reef,-21.1655,152.478,1,0,1,-0.893999994
3077,21-225,U/N Reef,-21.1979,152.0956,1,0,1,-0.916000009
3078,21-226,U/N Reef,-21.1772,152.371,1,0,1,-0.917999983
3079,21-227,U/N Reef,-21.1765,152.3975,1,0,1,-0.94599998
3080,21-308,Temple Island Reef,-21.6021,149.4897,1,1,1,1.629999995
3081,21-309,U/N Reef,-21.6045,149.472,1,1,1,1.623999953
3082,21-310,U/N Reef,-21.6464,149.4436,1,1,1,1.621000051
3083,21-312,U/N Reef,-21.6754,149.4564,1,1,1,1.57099998
3084,21-313,U/N Reef,-21.7121,149.4717,1,1,1,1.519999981
3085,21-314,U/N Reef,-21.7397,149.4685,1,1,1,1.519000053
3086,21-315,U/N Reef,-21.8243,149.4637,1,1,1,1.40199995
3087,21-316,West Hill Reef,-21.8361,149.4841,1,1,1,1.067999959
3088,21-417,Coquet Reef,-21.9383,150.0968,1,1,1,-0.030999999
3089,21-418a,Hunter Island Reef (No 1),-21.9499,150.1314,1,1,1,0.303000003
3090,21-418b,Hunter Island Reef (No 2),-21.9828,150.1462,1,1,1,0.086000003
3091,21-135,U/N Reef,-21.3648,151.4799,1,1,1,-1.335000038
3092,21-136,U/N Reef,-21.3852,151.4209,1,1,1,-1.335999966
3093,21-137,U/N Reef,-21.402,151.419,1,1,1,-1.394000053
3094,21-138,U/N Reef,-21.4314,151.4159,1,1,1,-1.399999976
3095,21-139,U/N Reef,-21.4731,151.4691,1,1,1,-1.317999959
3096,21-228,U/N Reef,-21.1823,152.2999,1,0,1,-0.916999996
3097,21-229,U/N Reef,-21.183,152.4485,1,0,1,-0.949999988
3098,21-230,U/N Reef,-21.1902,152.3361,1,0,1,-0.86500001
3099,21-231,U/N Reef,-21.1996,152.3156,1,0,1,-0.93900001
3100,21-232,U/N Reef,-21.2043,152.4981,1,0,1,-0.964999974
3101,21-233,U/N Reef,-21.2155,152.4927,1,0,1,-2.187999964
3102,21-234,U/N Reef,-21.2125,152.2426,1,0,1,-1.014999986
3103,21-235,Lavers Reef,-21.2201,152.0116,1,0,1,-0.774999976
3104,21-317,Ferdinand Shoal,-21.5095,149.7676,1,1,1,-7.087999821
3105,21-318,Waratah Island Reef,-21.5106,149.7208,1,1,1,-0.149000004
3106,21-319,Waratah Shoal,-21.5171,149.7166,1,1,1,-2.686000109
3107,21-320,Tupper Shoal,-21.5238,149.8017,1,1,1,-6.006000042
3108,21-322,Yaralla Shoal,-21.5892,149.646,1,1,1,-5.688000202
3109,21-324a,Harry Shoal (North),-21.5732,149.8247,1,1,NA,NA
3110,21-324b,Harry Shoal (South),-21.5822,149.8178,1,1,NA,NA
3111,21-059,Hotspur Islets Reef,-21.4829,150.2674,1,1,1,-0.016000001
3112,21-060,U/N Reef,-21.0129,150.5916,1,1,1,-1.715000033
3113,21-061,U/N Reef,-21.0548,150.6923,1,1,1,-2.036999941
3114,21-140,U/N Reef,-21.4846,151.2865,1,1,1,-1.475000024
3115,21-141,U/N Reef,-21.4863,151.1982,1,1,1,-1.297999978
3116,21-142,U/N Reef,-21.0036,151.554,1,1,1,-0.726999998
3117,21-143,U/N Reef,-21.0423,151.5633,1,1,1,-0.934000015
3118,21-144,U/N Reef,-21.0504,151.5725,1,1,1,-0.754999995
3119,21-236,U/N Reef,-21.219,152.3967,1,0,1,-0.981999993
3120,21-237,U/N Reef,-21.24,152.4723,1,0,1,-1.161999941
3121,21-238,U/N Reef,-21.236,152.5121,1,0,1,-0.690999985
3122,21-325,Hirst Reef,-21.5747,149.8127,1,1,1,-0.068000004
3123,21-326,Kilgour Shoal,-21.5914,149.8746,1,1,1,-4.502999783
3124,21-327,Wallace Reef,-21.601,149.7721,1,1,1,-5.032000065
3125,21-328,Tinonee Bank,-21.5791,149.8061,1,1,1,-0.039000001
3126,21-329,Planter Shoal,-21.5884,149.8382,1,1,NA,NA
3127,21-331,Bluff Island Reef,-21.6046,149.8669,1,1,1,1.347000003
3128,21-062,U/N Reef,-21.0312,150.8651,1,1,1,-1.937999964
3129,21-063,U/N Reef,-21.0265,150.9249,1,1,1,-1.636000037
3130,21-064,U/N Reef,-21.0571,150.778,1,1,1,-1.891000032
3131,21-065,U/N Reef,-21.0722,150.8303,1,1,1,-2.019000053
3132,21-066,U/N Reef,-21.0889,150.7786,1,1,0,-12.42300034
3133,21-067,U/N Reef,-21.1162,150.9017,1,1,1,-1.718000054
3134,21-145a,U/N Reef,-21.0655,151.61,1,1,1,-0.598999977
3135,21-145b,U/N Reef,-21.0994,151.5993,1,1,1,-1.753999949
3136,21-145c,U/N Reef,-21.04,151.5966,1,1,1,-0.995000005
3137,21-146,U/N Reef,-21.0769,151.6416,1,1,1,-1.026000023
3138,21-147,U/N Reef,-21.0697,151.6636,1,0,1,-0.753000021
3139,21-239,U/N Reef,-21.2641,152.2692,1,0,1,-0.713999987
3140,21-240,U/N Reef,-21.2798,152.3125,1,0,1,-0.324999988
3141,21-241,Centenery Reef,-21.2826,152.3307,1,0,1,-0.930999994
3142,21-242a,U/N Reef,-21.3033,152.2311,1,0,1,-0.971000016
3143,21-242b,U/N Reef,-21.3006,152.2206,1,0,1,-1.008000016
3144,21-333,Treble Reef,-21.6035,149.827,1,1,1,1.61500001
3145,21-334,Curlew Reef,-21.6056,149.7831,1,1,1,0.740999997
3146,21-336,U/N Reef,-21.6206,149.8175,1,1,NA,NA
3147,21-337,Pearl Shoal,-21.6112,149.757,1,1,1,0.74000001
3148,21-338,Slattery Shoal,-21.624,149.7854,1,1,1,0.91900003
3149,21-068,U/N Reef,-21.1289,150.8307,1,1,1,-1.465000033
3150,21-069,U/N Reef,-21.1122,150.995,1,1,1,-1.728999972
3151,21-070,U/N Reef,-21.1331,150.7896,1,1,1,-2.015000105
3152,21-071,U/N Reef,-21.1359,150.7632,1,1,1,-1.633999944
3153,21-148,Patricia Mather Reef,-21.0822,151.6879,1,0,1,-0.856999993
3154,21-149,U/N Reef,-21.0957,151.7161,1,0,1,-0.751999974
3155,21-150,U/N Reef,-21.107,151.7349,1,0,1,-0.753000021
3156,21-151,U/N Reef,-21.1145,151.7535,1,0,1,-0.861000001
3157,21-242c,U/N Reef,-21.2974,152.2312,1,0,1,-2.943000078
3158,21-243,U/N Reef,-21.2955,152.0519,1,0,1,-0.79400003
3159,21-244,U/N Reef,-21.3126,152.0645,1,0,1,-9.340999603
3160,21-245,U/N Reef,-21.3054,152.4369,1,0,1,-0.89200002
3161,21-246,U/N Reef,-21.3179,152.4818,1,0,1,-0.788999975
3162,21-247,U/N Reef,-21.3318,152.163,1,0,1,-0.920000017
3163,21-339,Dinner Reef,-21.6283,149.8103,1,1,1,-0.089000002
3164,21-340,Temple Shoal,-21.6026,149.5049,1,1,1,1.220000029
3165,21-341,Edwards Shoal,-21.652,149.6638,1,1,1,-4.116000175
3166,21-342,Blackbird Shoal,-21.6561,149.8259,1,1,1,1.042999983
3167,21-345,Ridge Reef,-21.6749,149.6382,1,1,1,0.191
3168,21-346,Paxton Shoal,-21.698,149.6734,1,1,1,-3.53399992
3169,21-347,Torch Shoal,-21.688,149.541,1,1,1,-5.081999779
3170,21-072,U/N Reef,-21.1636,150.6604,1,1,1,-1.174000025
3171,21-073,U/N Reef,-21.1393,150.8556,1,1,1,-4.493000031
3172,21-074,U/N Reef,-21.1565,150.845,1,1,1,-1.582000017
3173,21-075,U/N Reef,-21.1645,150.9339,1,1,1,-2.171000004
3174,21-152,U/N Reef,-21.1204,151.7707,1,0,1,-0.89200002
3175,21-153,U/N Reef,-21.1234,151.5806,1,1,1,-1.353999972
3176,21-154,U/N Reef,-21.1509,151.5566,1,1,1,-1.042999983
3177,21-155,U/N Reef,-21.1597,151.6905,1,0,1,-1.279999971
3178,21-156,U/N Reef,-21.1479,151.7121,1,0,1,-1.200999975
3179,21-157,U/N Reef,-21.1491,151.7566,1,0,1,-0.86500001
3180,21-158,U/N Reef,-21.1507,151.7766,1,0,1,-0.750999987
3181,21-248,U/N Reef,-21.3419,152.2222,1,0,1,-0.888000011
3182,21-249,U/N Reef,-21.3423,152.3237,1,0,1,-1.003000021
3183,21-250a,U/N Reef,-21.3284,152.4017,1,0,1,-0.992999971
3184,21-250b,U/N Reef,-21.3253,152.3993,1,0,1,-1.233999968
3185,21-251,U/N Reef,-21.3295,152.3659,1,0,0,-11.95400047
3186,21-252,U/N Reef,-21.3497,152.2496,1,0,1,-0.740999997
3187,21-348,Connor Islet Reef,-21.7192,149.6694,1,1,1,1.51699996
3188,21-349a,Smythe Shoals,-21.7123,149.8806,1,1,NA,NA
3189,21-349b,Emily Patches,-21.7527,149.8336,1,1,NA,NA
3190,21-350,Shag Reef,-21.7429,149.5913,1,1,1,-3.905999899
3191,21-351,Stony Shoal,-21.7543,149.5642,1,1,1,-4.519000053
3192,21-352,Williams Shoal,-21.7374,149.6339,1,1,NA,NA
3193,21-076,U/N Reef,-21.1862,150.8733,1,1,1,-1.656000018
3194,21-077,U/N Reef,-21.1924,150.9422,1,1,1,-1.886000037
3195,21-078,U/N Reef,-21.201,150.8224,1,1,1,-2.006999969
3196,21-079,U/N Reef,-21.2142,150.7928,1,1,1,-1.103000045
3197,21-080,U/N Reef,-21.2262,150.7689,1,1,1,-2.348999977
3198,21-159,U/N Reef,-21.162,151.7992,1,0,1,-0.754999995
3199,21-160,U/N Reef,-21.1819,151.5535,1,1,1,-0.963999987
3200,21-161,U/N Reef,-21.1811,151.8227,1,0,1,-0.947000027
3201,21-162,U/N Reef,-21.2046,151.5421,1,1,1,-0.874000013
3202,21-163,U/N Reef,-21.2084,151.5744,1,1,1,-1.508999944
3203,21-164,U/N Reef,-21.2175,151.5288,1,1,1,-1.432999969
3204,21-165,U/N Reef,-21.1995,151.8232,1,0,1,-1.085000038
3205,21-253,U/N Reef,-21.3578,152.2899,1,0,1,-0.233999997
3206,21-254,U/N Reef,-21.3508,152.3474,1,0,1,-0.555999994
3207,21-255,U/N Reef,-21.3557,152.4249,1,0,1,-0.925000012
3208,21-256,U/N Reef,-21.3542,152.4807,1,0,1,-1.029999971
3209,21-257,U/N Reef,-21.3604,152.1423,1,0,1,-1.753999949
3210,21-355,Lower Reef,-21.7983,149.7027,1,1,NA,NA
3211,21-356,Innes Reef,-21.8157,149.7882,1,1,1,-0.134000003
3212,21-358a,Sandy Shoal (North),-21.8288,149.5597,1,1,NA,NA
3213,21-358b,Sandy Shoal (South),-21.8474,149.544,1,1,1,-4.947999954
3214,21-359,George Reef,-21.8305,149.8239,1,1,1,-0.129999995
3215,21-360,Poynter Reef,-21.8373,149.792,1,1,1,0.75
3216,21-081,U/N Reef,-21.2244,150.8829,1,1,1,-1.998999953
3217,21-082,U/N Reef,-21.2457,150.8966,1,1,1,-1.677999973
3218,21-083,U/N Reef,-21.2576,150.9125,1,1,1,-3.010999918
3219,21-084,U/N Reef,-21.2777,150.9306,1,1,1,-1.735999942
3220,21-085,U/N Reef,-21.3082,150.9364,1,1,1,-7.436999798
3221,21-086,Paul Reef,-21.3317,150.785,1,1,1,-0.51700002
3222,21-166,Twin Cays Reef (North),-21.2151,151.984,1,0,1,-0.004
3223,21-167,U/N Reef,-21.2327,151.5423,1,1,1,-1.044999957
3224,21-168,Twin Cays Reef (South),-21.2268,151.9822,1,0,1,-0.273999989
3225,21-169,U/N Reef,-21.2391,151.6903,1,0,1,-1.281000018
3226,21-170,U/N Reef,-21.2441,151.6683,1,0,1,-1.327000022
3227,21-171,U/N Reef,-21.2529,151.5554,1,1,1,-1.008999944
3228,21-258,Mystery Reef,-21.3774,152.0171,1,0,1,-1.008000016
3229,21-259,U/N Reef,-21.3924,152.2112,1,0,1,-0.859000027
3230,21-260,U/N Reef,-21.3972,152.25,1,0,1,-0.046999998
3231,21-361,North Patch,-21.8423,149.6372,1,1,NA,NA
3232,21-362,Alexandra Reefs,-21.8542,149.6211,1,1,NA,NA
3233,21-363,South Patch,-21.8639,149.6132,1,1,NA,NA
3234,21-364,Lake Shoals,-21.8996,149.8766,1,1,NA,NA
3235,21-365a,Drumfish Shoal (East),-21.9107,149.6426,1,1,NA,NA
3236,21-365b,Drumfish Shoal (West),-21.9146,149.6307,1,1,NA,NA
3237,21-366,Fanning Shoal,-21.9283,149.5106,1,1,1,-3.816999912
3238,21-087,U/N Reef,-21.3844,150.9748,1,1,1,-0.874000013
3239,21-088,U/N Reef,-21.0244,151.3253,1,1,1,-1.266000032
3240,21-089,U/N Reef,-21.0128,151.415,1,1,1,-0.609000027
3241,21-090,U/N Reef,-21.0102,151.4452,1,1,1,-2.236000061
3242,21-091,U/N Reef,-21.0423,151.5545,1,1,1,-1.14199996
3243,21-092,U/N Reef,-21.0126,151.1629,1,1,1,-1.29400003
3244,21-172,Riptide Reef,-21.2413,151.8458,1,0,1,-0.177000001
3245,21-173,Mullers Reef,-21.2991,151.5537,1,1,1,-1.108999968
3246,21-174,U/N Reef,-21.2924,151.6795,1,0,0,-12.67700005
3247,21-175,U/N Reef,-21.3216,151.6377,1,1,1,-1.172000051
3248,21-261,U/N Reef,-21.4142,152.3626,1,0,1,-1.082999945
3249,21-262a,U/N Reef,-21.4127,152.4444,1,0,1,-0.889999986
3250,21-262b,U/N Reef,-21.4204,152.4323,1,0,1,-3.476999998
3251,21-263,U/N Reef,-21.4123,152.4906,1,0,1,-0.75999999
3252,21-264,U/N Reef,-21.4241,152.3993,1,0,1,-0.915000021
3253,21-367,Red Clay Reef,-21.9318,149.6486,1,1,1,1.38499999
3254,21-368,Boomerang Shoals,-21.9185,149.9609,1,1,NA,NA
3255,21-369,Middle Shoal,-21.9431,149.7303,1,1,NA,NA
3256,21-370,Beware Reef,-21.9502,149.6606,1,1,1,-1.128000021
3257,21-372,Bald Reef,-21.9565,149.5784,1,1,1,0.02
3258,21-373,Reef Islet Reef,-21.9583,149.5994,1,1,1,0.866999984
3259,21-093,U/N Reef,-21.0297,151.1032,1,1,1,-1.848999977
3260,21-094,U/N Reef,-21.0348,151.1515,1,1,1,-1.820000052
3261,21-095,U/N Reef,-21.0421,151.2801,1,1,1,-7.65899992
3262,21-096,U/N Reef,-21.037,151.4086,1,1,1,-0.375
3263,21-097,U/N Reef,-21.0394,151.4809,1,1,1,-1.327000022
3264,21-098,U/N Reef,-21.0419,151.421,1,1,1,-0.92900002
3265,21-099,U/N Reef,-21.0496,151.3794,1,1,1,-1.463000059
3266,21-100,U/N Reef,-21.0707,151.0711,1,1,1,-1.626000047
3267,21-176,U/N Reef,-21.3339,151.6,1,1,1,-0.815999985
3268,21-177,U/N Reef,-21.333,151.7031,1,0,1,-1.139000058
3269,21-178,U/N Reef,-21.3374,151.6233,1,1,1,-0.759000003
3270,21-179,U/N Reef,-21.3474,151.7242,1,0,1,-1.184000015
3271,21-180,U/N Reef,-21.3462,151.8265,1,0,1,-0.819999993
3272,21-181,U/N Reef,-21.3712,151.8579,1,0,1,-1.052000046
3273,21-265,U/N Reef,-21.4302,152.3342,1,0,1,-0.999000013
3274,21-266,U/N Reef,-21.4367,152.1277,1,0,1,-0.991999984
3275,21-267,U/N Reef,-21.4523,152.4039,1,0,1,-0.094999999
3276,21-268,U/N Reef,-21.4438,152.4563,1,0,1,-0.883000016
3277,21-269,U/N Reef,-21.4658,152.4396,1,0,1,-0.816999972
3278,21-374,West Reef,-21.9591,149.6795,1,1,NA,NA
3279,21-375,Holt Shoal,-21.9697,149.8195,1,1,NA,NA
3280,21-377,Channel Island Reef,-21.9702,149.8933,1,1,NA,NA
3281,21-378,Aquila Reef,-21.9819,149.5741,1,1,1,1.407999992
3282,21-379,Avoid Reef,-21.9774,149.6641,1,1,1,1.406999946
3283,21-101,U/N Reef,-21.0155,151.5284,1,1,1,-0.708999991
3284,21-829a,U/N Reef,-21.6487,150.9376,1,1,NA,NA
3285,21-829b,U/N Reef,-21.6637,150.9454,1,1,NA,NA
3286,21-829c,U/N Reef,-21.6732,150.9123,1,1,NA,NA
3287,21-102,U/N Reef,-21.0715,151.4337,1,1,1,-9.62899971
3288,21-103,U/N Reef,-21.0795,151.3691,1,1,1,-1.414999962
3289,21-182,U/N Reef,-21.3771,151.6735,1,0,1,-1.047999978
3290,21-183,U/N Reef,-21.3738,151.7111,1,0,1,-1.42900002
3291,21-184,U/N Reef,-21.381,151.6952,1,0,1,-1.54400003
3292,21-185,U/N Reef,-21.399,151.9018,1,0,1,-1.088999987
3293,21-186,U/N Reef,-21.4106,151.793,1,0,1,-0.913999975
3294,21-187,U/N Reef,-21.4194,151.6475,1,1,1,-1.258000016
3295,21-270,U/N Reef,-21.4724,152.3844,1,0,1,-0.500999987
3296,21-271,U/N Reef,-21.4927,152.1325,1,0,1,-1.08099997
3297,21-272,U/N Reef,-21.4995,152.207,1,0,1,-0.460999995
3298,21-273,U/N Reef,-21.0228,152.5767,1,0,1,-0.601000011
3299,21-274,Perkins Reef,-21.0396,152.6241,1,0,1,-0.338999987
3300,21-275,U/N Reef,-21.0602,152.5623,1,0,1,-0.402999997
3301,21-380,Park Shoal,-21.9848,149.8796,1,1,NA,NA
3302,21-381,Falcon Island Reef,-21.9804,149.8785,1,1,NA,NA
3303,21-382,Turn Island Reef,-21.9896,149.8118,1,1,NA,NA
3304,21-383,Race Rocks Reef,-21.9896,149.848,1,1,NA,NA
3305,21-104,U/N Reef,-21.0961,151.2379,1,1,1,-1.754999995
3306,21-105,U/N Reef,-21.1052,151.4696,1,1,1,-1.447999954
3307,21-106,U/N Reef,-21.1214,151.2264,1,1,1,-2.089999914
3308,21-107,U/N Reef,-21.1216,151.2115,1,1,1,-1.906999946
3309,21-108,U/N Reef,-21.1223,151.1381,1,1,1,-1.83099997
3310,21-109,U/N Reef,-21.1234,151.0735,1,1,1,-1.883000016
3311,21-110,U/N Reef,-21.1377,151.1778,1,1,1,-1.858999968
3312,21-111,U/N Reef,-21.1395,151.353,1,1,1,-1.248000026
3313,21-112,U/N Reef,-21.1563,151.3039,1,1,1,-2.148999929
3314,21-188,U/N Reef,-21.4443,151.5862,1,1,1,-1.199000001
3315,21-189,U/N Reef,-21.4519,151.6747,1,0,1,-1.300999999
3316,21-190,U/N Reef,-21.4443,151.9141,1,0,1,-1.18900001
3317,21-191,U/N Reef,-21.4604,151.8529,1,0,1,-1.149000049
3318,21-192,U/N Reef,-21.0094,152.4687,1,0,1,-0.790000021
3319,21-276,U/N Reef,-21.0586,152.5496,1,0,1,-0.922999978
3320,21-277,U/N Reef,-21.0728,152.5343,1,0,1,-0.865999997
3321,21-278,U/N Reef,-21.1045,152.5445,1,0,1,-0.737999976
3322,21-279,U/N Reef,-21.1145,152.5149,1,0,1,-0.827000022
3323,21-280,Elusive Reef,-21.1088,152.7756,1,0,1,-0.066
3324,21-281,U/N Reef,-21.1181,152.6295,1,0,1,-0.01
3325,21-386,Pine Peak Reef,-21.519,150.2585,1,1,1,-0.068999998
3326,21-387,Sphinx Reef,-21.5252,150.1515,1,1,1,-0.012
3327,21-389,Middle Island Reef,-21.6185,150.2473,1,1,1,-0.068000004
3328,21-113a,U/N Reef,-21.1642,151.3552,1,1,1,-1.828999996
3329,21-113b,U/N Reef,-21.1592,151.3719,1,1,1,-2.151000023
3330,21-113c,U/N Reef,-21.1616,151.3635,1,1,1,-2.092999935
3331,21-113d,U/N Reef,-21.1723,151.3601,1,1,1,-1.768000007
3332,21-113e,U/N Reef,-21.1712,151.371,1,1,1,-1.667999983
3333,21-114a,U/N Reef,-21.1638,151.4295,1,1,1,-2.005000114
3334,21-114b,U/N Reef,-21.1712,151.4299,1,1,1,-1.542999983
3335,21-114c,U/N Reef,-21.1682,151.4348,1,1,1,-1.731999993
3336,21-115,U/N Reef,-21.1775,151.0368,1,1,1,-1.860000014
3337,21-116,U/N Reef,-21.2146,151.0128,1,1,1,-1.840999961
3338,21-193,U/N Reef,-21.0073,152.4894,1,0,1,-0.700999975
3339,21-194,U/N Reef,-21.0186,152.2004,1,0,1,-0.569000006
3340,21-195,U/N Reef,-21.0206,152.2345,1,0,1,-0.407000005
3341,21-196,U/N Reef,-21.0334,152.076,1,0,1,-0.787
3342,21-197,U/N Reef,-21.0419,152.0953,1,0,1,-0.656000018
3343,21-198,U/N Reef,-21.0515,152.2025,1,0,1,-0.878000021
3344,21-199,U/N Reef,-21.0667,152.1894,1,0,1,-0.829999983
3345,21-200,U/N Reef,-21.0627,152.2314,1,0,1,-0.680000007
3346,21-282,U/N Reef,-21.1018,152.6571,1,0,1,-5.754000187
3347,21-283,U/N Reef,-21.1391,152.5004,1,0,1,-0.584999979
3348,21-284,Ron Taylor Reef,-21.1374,152.5279,1,0,1,-0.771000028
3349,21-285,U/N Reef,-21.139,152.5445,1,0,1,-0.82099998
3350,21-286,U/N Reef,-21.1756,152.512,1,0,1,-0.879000008
3351,21-287,U/N Reef,-21.1724,152.585,1,0,1,-1.016000032
3352,21-288,U/N Reef,-21.1629,152.6057,1,0,1,-0.884000003
3353,21-391,Pine Islets Reef,-21.6527,150.22,1,1,1,-0.066
3354,21-391d,Pine Islets (No 4),-21.6577,150.2243,1,1,1,-4.623000145
3355,21-392,Walter Reef,-21.6507,150.3405,1,1,1,-0.07
3356,21-394,North East Reef,-21.6645,150.3301,1,1,1,-0.014
3357,21-117,U/N Reef,-21.1937,151.2127,1,1,1,-1.610999942
3358,21-118,U/N Reef,-21.2016,151.2748,1,1,1,-1.674999952
3359,21-119,U/N Reef,-21.2164,151.1948,1,1,1,-1.781000018
3360,21-120,U/N Reef,-21.2125,151.4172,1,1,1,-1.582999945
3361,21-121,U/N Reef,-21.2404,151.3989,1,1,1,-1.800999999
3362,21-122,U/N Reef,-21.2481,151.2982,1,1,1,-1.672000051
3363,21-123,U/N Reef,-21.2559,151.182,1,1,1,-1.835999966
3364,21-201,U/N Reef,-21.0642,152.4644,1,0,1,-0.709999979
3365,21-202,U/N Reef,-21.0751,152.2014,1,0,1,-0.843999982
3366,21-203,U/N Reef,-21.0863,152.2377,1,0,1,-0.551999986
3367,21-204,U/N Reef,-21.0861,152.2812,1,0,1,-0.783999979
3368,21-205,U/N Reef,-21.0863,152.5011,1,0,1,-0.713
3369,21-206,U/N Reef,-21.1012,152.4883,1,0,1,-0.123000003
3370,21-207,U/N Reef,-21.0894,152.1433,1,0,1,-0.349999994
3371,21-289a,U/N Reef,-21.186,152.5951,1,0,1,-0.046999998
3372,21-289b,U/N Reef,-21.1842,152.5473,1,0,1,-0.995000005
3373,21-290,U/N Reef,-21.2007,152.5226,1,0,1,-0.722000003
3374,21-291,U/N Reef,-21.2047,152.5464,1,0,1,-3.657000065
3375,21-292,U/N Reef,-21.2277,152.5427,1,0,1,-1.052999973
3376,21-293,U/N Reef,-21.2225,152.5616,1,0,1,-0.768999994
3377,99-464,NA,-10.5431,143.5166,0,1,NA,NA
3378,99-465,NA,-10.5432,143.9121,0,1,NA,NA
3379,99-466,NA,-10.5439,143.7011,0,1,NA,NA
3380,99-467,NA,-10.5446,143.7392,0,1,NA,NA
3381,99-469,NA,-10.5493,142.3474,0,1,NA,NA
3382,99-470,NA,-10.5524,142.3766,0,1,NA,NA
3383,99-472,NA,-10.5539,143.4877,0,1,NA,NA
3384,99-473,NA,-10.5567,142.3288,0,1,NA,NA
3385,99-474,NA,-10.5555,143.9211,0,1,NA,NA
3386,99-475,NA,-10.5602,143.2515,0,1,NA,NA
3387,99-477,NA,-10.5638,143.4629,0,1,NA,NA
3388,99-478,NA,-10.5658,143.414,0,1,NA,NA
3389,99-480,NA,-10.5726,143.9151,0,1,NA,NA
3390,99-482,NA,-10.5883,143.9254,0,1,NA,NA
3391,99-484,NA,-10.5954,143.4885,0,1,NA,NA
3392,99-486,NA,-10.5963,142.6195,0,1,NA,NA
3393,99-488,NA,-10.5962,143.909,0,1,NA,NA
3394,99-491,NA,-10.5984,143.0898,0,1,NA,NA
3395,99-492,NA,-10.5991,143.9323,0,1,NA,NA
3396,99-495,NA,-10.6034,142.2942,0,1,NA,NA
3397,99-496,NA,-10.6066,143.6825,0,1,NA,NA
3398,99-497,NA,-10.61,142.6124,0,1,NA,NA
3399,99-498,NA,-10.6113,143.2972,0,1,NA,NA
3400,99-300,NA,-10.6123,142.5192,0,1,NA,NA
3401,99-302,NA,-10.5995,142.9127,0,1,NA,NA
3402,99-303a,NA,-10.6229,142.6458,0,1,NA,NA
3403,99-303b,NA,-10.6502,142.6534,0,1,NA,NA
3404,99-303c,NA,-10.6381,142.6446,0,1,NA,NA
3405,99-499,NA,-10.6116,143.9102,0,1,NA,NA
3406,99-500,NA,-10.6125,142.6264,0,1,NA,NA
3407,99-501,NA,-10.6135,143.9238,0,1,NA,NA
3408,99-503,NA,-10.6175,143.9446,0,1,NA,NA
3409,99-504,NA,-10.6201,143.7629,0,1,NA,NA
3410,99-505,NA,-10.6212,143.9128,0,1,NA,NA
3411,99-506,NA,-10.6213,142.3726,0,1,NA,NA
3412,99-507,NA,-10.623,143.9012,0,1,NA,NA
3413,99-508,NA,-10.6235,143.4383,0,1,NA,NA
3414,99-509,NA,-10.6241,143.4717,0,1,NA,NA
3415,99-510,NA,-10.6242,143.9083,0,1,NA,NA
3416,99-511,NA,-10.6364,143.9326,0,1,NA,NA
3417,99-304,NA,-10.6434,142.6821,0,1,NA,NA
3418,99-305,NA,-10.6522,142.8498,0,1,NA,NA
3419,99-306,NA,-10.6594,142.7543,0,1,NA,NA
3420,99-311,NA,-10.6678,142.6699,0,1,NA,NA
3421,99-312,NA,-10.6678,142.684,0,1,NA,NA
3422,99-345,NA,-10.6232,143.3748,0,1,NA,NA
3423,99-346,NA,-10.6366,143.2228,0,1,NA,NA
3424,99-512,NA,-10.6371,143.9412,0,1,NA,NA
3425,99-513,NA,-10.6394,143.9283,0,1,NA,NA
3426,99-514,NA,-10.6531,143.9503,0,1,NA,NA
3427,99-515,NA,-10.6903,142.2813,0,1,NA,NA
3428,99-517,NA,-10.7032,142.3814,0,1,NA,NA
3429,99-518,NA,-10.7087,142.3519,0,1,NA,NA
3430,99-347,NA,-10.6473,143.0378,0,1,NA,NA
3431,99-379,NA,-10.6211,143.5646,0,1,NA,NA
3432,99-380,NA,-10.6338,143.6513,0,1,NA,NA
3433,99-383,NA,-10.6728,143.948,0,1,NA,NA
3434,99-388,NA,-10.6716,143.8884,0,1,NA,NA
3435,99-519,NA,-10.7097,142.4387,0,1,NA,NA
3436,99-520,NA,-10.7133,142.3695,0,1,NA,NA
3437,99-521a,NA,-10.7405,142.3908,0,1,NA,NA
3438,99-521b,NA,-10.7136,142.4148,0,1,NA,NA
3439,99-522,NA,-10.7223,142.2949,0,1,NA,NA
3440,99-395,NA,-10.3526,143.94,0,1,NA,NA
3441,99-396,NA,-10.357,142.9019,0,1,NA,NA
3442,99-398,NA,-10.363,143.9333,0,1,NA,NA
3443,99-399,NA,-10.3683,142.3627,0,1,NA,NA
3444,99-523,NA,-10.729,142.4132,0,1,NA,NA
3445,99-524,NA,-10.7362,142.4203,0,1,NA,NA
3446,99-525,NA,-10.7375,142.2569,0,1,NA,NA
3447,99-526,NA,-10.7441,142.409,0,1,NA,NA
3448,99-527,NA,-10.7421,142.2511,0,1,NA,NA
3449,99-529,NA,-10.76,142.3952,0,1,NA,NA
3450,99-401,NA,-10.3718,143.584,0,1,NA,NA
3451,99-402,NA,-10.374,143.9322,0,1,NA,NA
3452,99-403,NA,-10.3768,143.5581,0,1,NA,NA
3453,99-404,NA,-10.378,143.541,0,1,NA,NA
3454,99-405,NA,-10.3863,143.9269,0,1,NA,NA
3455,99-406,NA,-10.3875,143.32,0,1,NA,NA
3456,99-407,NA,-10.3916,144.4248,0,1,NA,NA
3457,99-530a,NA,-10.7592,142.3722,0,1,NA,NA
3458,99-530b,NA,-10.7644,142.3745,0,1,NA,NA
3459,99-532,NA,-10.7682,142.3863,0,1,NA,NA
3460,99-533,NA,-10.7723,142.3977,0,1,NA,NA
3461,99-535,NA,-10.839,142.3177,0,1,NA,NA
3462,99-536,NA,-10.8425,142.3584,0,1,NA,NA
3463,99-537,NA,-10.8447,142.3482,0,1,NA,NA
3464,99-408,NA,-10.3959,143.9397,0,1,NA,NA
3465,99-411,NA,-10.4043,143.6803,0,1,NA,NA
3466,99-413,NA,-10.4064,143.4901,0,1,NA,NA
3467,99-414,NA,-10.4088,143.5504,0,1,NA,NA
3468,99-415,NA,-10.413,143.2476,0,1,NA,NA
3469,99-416,NA,-10.4215,142.1942,0,1,NA,NA
3470,99-417,NA,-10.4265,143.933,0,1,NA,NA
3471,99-418,NA,-10.4279,143.7419,0,1,NA,NA
3472,99-419,NA,-10.4352,143.9098,0,1,NA,NA
3473,99-420,NA,-10.4399,143.5912,0,1,NA,NA
3474,99-540,NA,-10.8869,142.3403,0,1,NA,NA
3475,99-809,NA,-10.6816,143.9584,0,1,NA,NA
3476,99-421,NA,-10.4401,143.9127,0,1,NA,NA
3477,99-422,NA,-10.4415,143.3813,0,1,NA,NA
3478,99-423,NA,-10.4473,143.9202,0,1,NA,NA
3479,99-424,NA,-10.4508,143.4753,0,1,NA,NA
3480,99-425,NA,-10.451,142.3469,0,1,NA,NA
3481,99-426,NA,-10.4515,143.4364,0,1,NA,NA
3482,99-427,NA,-10.4519,142.2048,0,1,NA,NA
3483,99-428,NA,-10.4527,143.6483,0,1,NA,NA
3484,99-429,NA,-10.4594,143.9217,0,1,NA,NA
3485,99-430,NA,-10.4616,142.4434,0,1,NA,NA
3486,16-118,U/N Reef,-16.317,145.648,1,1,NA,NA
3487,20-006,Passage Islet Reef,-20.065,148.4413,1,1,1,0.005
3488,11-222a,Middle Banks,-11.7643,143.5056,1,1,1,-0.002
3489,99-432,NA,-10.4696,143.9091,0,1,NA,NA
3490,99-434,NA,-10.4736,143.1385,0,1,NA,NA
3491,99-435,NA,-10.4747,143.5556,0,1,NA,NA
3492,99-436,NA,-10.4761,143.2913,0,1,NA,NA
3493,99-437,NA,-10.478,143.9074,0,1,NA,NA
3494,99-438,NA,-10.478,142.2596,0,1,NA,NA
3495,99-439,NA,-10.485,142.3535,0,1,NA,NA
3496,99-440,NA,-10.485,143.6718,0,1,NA,NA
3497,99-441,NA,-10.4851,142.2057,0,1,NA,NA
3498,99-442,NA,-10.4914,143.9171,0,1,NA,NA
3499,99-443,NA,-10.4941,142.2497,0,1,NA,NA
3500,99-444,NA,-10.4951,143.4793,0,1,NA,NA
3501,99-445,NA,-10.4974,142.4464,0,1,NA,NA
3502,99-446,NA,-10.4964,143.726,0,1,NA,NA
3503,99-447,NA,-10.5009,143.4166,0,1,NA,NA
3504,99-448,NA,-10.5034,143.8903,0,1,NA,NA
3505,99-450,NA,-10.5124,142.2952,0,1,NA,NA
3506,99-453,NA,-10.5276,142.4454,0,1,NA,NA
3507,99-455a,NA,-10.5168,142.6176,0,1,NA,NA
3508,99-455b,NA,-10.5334,142.6082,0,1,NA,NA
3509,99-455c,NA,-10.5338,142.5919,0,1,NA,NA
3510,99-456,NA,-10.5183,143.9165,0,1,NA,NA
3511,99-457,NA,-10.526,143.1054,0,1,NA,NA
3512,99-458a,NA,-10.5369,142.3052,0,1,NA,NA
3513,99-458b,NA,-10.5202,142.2965,0,1,NA,NA
3514,99-459,NA,-10.5281,142.2723,0,1,NA,NA
3515,99-460,NA,-10.5376,143.8925,0,1,NA,NA
3516,99-461,NA,-10.5397,143.3545,0,1,NA,NA
3517,23-050,Wilson Island Reef,-23.2905,151.8903,1,1,1,0.033
3518,23-051,Wreck Island Reef,-23.3304,151.9654,1,1,1,0.365999997
3519,24-003,U/N Reef,-24.0055,151.7355,1,1,1,-0.048
3520,24-006,Red Rocks Reef,-24.2617,151.9508,1,1,1,0.499000013
3521,22-082,Delcomyn Reef,-22.4483,150.7635,1,1,1,-0.016000001
3522,22-083,Entrance Island Reef,-22.4793,150.7738,1,1,1,0.081
3523,22-084,U/N Reef,-21.9997,152.465,1,1,1,-0.933000028
3524,22-085,U/N Reef,-22.0167,152.3462,1,1,1,-1.162999988
3525,22-086,Wilson Reef,-22.0174,152.4484,1,1,1,-0.92900002
3526,22-167,Earl Banks,-22.3266,150.4049,1,1,1,-0.882000029
3527,23-052a,Heron Reef,-23.4461,151.971,1,1,1,0.331999987
3528,23-052b,U/N Reef,-23.4762,151.9936,1,1,NA,NA
3529,23-053,Wistari Reef,-23.4699,151.8767,1,1,1,0.513000011
3530,24-008,Lady Elliot Island Reef,-24.1137,152.715,1,1,1,0.697000027
3531,24-009a,Herald Patches (No 1),-24.2096,152.6673,1,1,NA,NA
3532,24-009b,Herald Patches (No 2),-24.2057,152.742,1,1,0,-13.90600014
3533,24-009c,Herald Patches (No 3),-24.2154,152.7513,1,1,0,-15.9829998
3534,24-010,U/N Reef,-24.3882,153.1037,1,1,0,-12.60900021
3535,24-011,NA,-24.6428,153.1491,0,1,NA,NA
3536,24-012,Long Shoal,-24.5252,153.1251,1,1,1,-9.722000122
3537,22-087,U/N Reef,-22.0204,152.2783,1,1,1,-1.123000026
3538,22-088a,U/N Reef,-22.0258,152.1577,1,1,1,-0.992999971
3539,22-088b,U/N Reef,-22.0152,152.1398,1,1,NA,NA
3540,22-089,U/N Reef,-22.0332,152.0734,1,1,NA,NA
3541,22-816,U/N Reef,-22.1731,152.474,1,1,0,-18.93799973
3542,22-817,U/N Reef,-22.2387,152.4973,1,1,0,-15.07900047
3543,23-054,Sykes Reef,-23.4332,152.0337,1,1,1,-0.308999985
3544,23-055a,One Tree Island Reef,-23.4957,152.0612,1,1,1,1.175122023
3545,23-055b,U/N Reef,-23.4759,152.0472,1,1,NA,NA
3546,23-055c,U/N Reef,-23.4732,152.0793,1,1,NA,NA
3547,23-056,Rundle Reef,-23.5343,151.2753,1,1,1,0.523000002
3548,22-090,Chesterman Reef,-22.0401,152.4287,1,1,1,-1.031999946
3549,22-091,U/N Reef,-22.0578,152.3309,1,1,1,-1.059999943
3550,22-092,U/N Reef,-22.0773,152.4774,1,1,1,-1.047000051
3551,22-093,Abrahams Reef,-22.1008,152.4875,1,1,1,-0.828999996
3552,22-094,Herald No 1,-22.0948,152.2555,1,1,1,-0.971000016
3553,22-818,U/N Reef,-22.1995,152.5359,1,1,NA,NA
3554,22-819,U/N Reef,-22.2144,152.5414,1,1,NA,NA
3555,22-820,U/N Reef,-22.2182,152.5534,1,1,NA,NA
3556,22-821,U/N Reef,-22.2352,152.5831,1,1,NA,NA
3557,22-822,U/N Reef,-22.2754,152.5703,1,1,0,-12.04300022
3558,22-823,U/N Reef,-22.2767,152.6233,1,1,NA,NA
3559,22-824,U/N Reef,-22.2139,152.6499,1,1,NA,NA
3560,22-825,U/N Reef,-22.2234,152.6645,1,1,0,-18.02499962
3561,22-826,U/N Reef,-22.215,152.6761,1,1,0,-17.04899979
3562,22-827,U/N Reef,-22.259,152.7081,1,1,1,-3.719000101
3563,23-057,Bass Shoals,-23.5573,151.2715,1,1,NA,NA
3564,23-058,Keppel Rocks Reef,-23.4301,151.0497,1,1,NA,NA
3565,23-059a,NA,-23.4504,151.0203,0,1,NA,NA
3566,23-059b,Curtis Island Reef (No 2),-23.4491,151.0624,1,1,1,1.345000029
3567,23-059c,Curtis Island Reef (No 3),-23.6757,151.2811,1,1,1,0.360000014
3568,22-095,U/N Reef,-22.1038,152.3601,1,1,1,-0.921000004
3569,22-096,U/N Reef,-22.1092,152.2866,1,1,1,-5.22300005
3570,22-097,U/N Reef,-22.169,152.4495,1,1,1,-0.967999995
3571,22-098,U/N Reef,-22.2003,152.4951,1,1,1,-0.768000007
3572,22-828,U/N Reef,-22.0043,152.287,1,1,NA,NA
3573,22-829,U/N Reef,-22.0719,152.2992,1,1,NA,NA
3574,22-830,U/N Reef,-22.1242,152.3139,1,1,NA,NA
3575,22-831,U/N Reef,-22.1356,152.3475,1,1,0,-13.88599968
3576,22-832,U/N Reef,-22.0805,152.3325,1,1,0,-15.70699978
3577,22-833,U/N Reef,-22.1243,152.3693,1,1,NA,NA
3578,22-834,U/N Reef,-22.062,152.3748,1,1,0,-10.94799995
3579,22-835,U/N Reef,-22.0937,152.3763,1,1,NA,NA
3580,22-836,U/N Reef,-22.0584,152.403,1,1,NA,NA
3581,22-837,U/N Reef,-22.0571,152.4098,1,1,NA,NA
3582,22-838,U/N Reef,-22.1367,152.4007,1,1,0,-15.97700024
3583,23-059d,Curtis Island Reef (No 4),-23.7481,151.3078,1,1,1,0.361999989
3584,23-060,NA,-23.7648,151.3179,0,1,NA,NA
3585,23-061a,North Point Reef (Facing Island Reef),-23.7542,151.3343,1,1,1,0.363000005
3586,23-061b,NA,-23.7652,151.3267,0,1,NA,NA
3587,23-061c,Pearl Ledge (Facing Island Reef No 3),-23.8014,151.3637,1,1,1,0.361999989
3588,23-061d,Facing Island Reef (No 4),-23.8303,151.3817,1,1,1,0.363000005
3589,22-031,Alnwick Reef,-22.0133,150.3852,1,1,1,0.086000003
3590,22-032,Hexham Reef,-22.0181,150.3672,1,1,1,-0.130999997
3591,22-033,Danger Reef,-22.0099,150.1618,1,1,1,-0.181999996
3592,22-099,Hackie Reef,-22.2619,152.4143,1,1,1,-0.964999974
3593,22-100,U/N Reef,-22.2994,152.5031,1,1,0,-10.4289999
3594,22-101,Don Kinsey Reef,-22.0029,152.6271,1,1,1,-0.515999973
3595,22-839,U/N Reef,-22.054,152.4785,1,1,1,-9.652000427
3596,22-840,U/N Reef,-22.0775,152.4998,1,1,NA,NA
3597,22-841,U/N Reef,-22.02,152.5183,1,1,NA,NA
3598,22-842,U/N Reef,-22.02,152.5407,1,1,NA,NA
3599,22-843,U/N Reef,-22.0094,152.5439,1,1,NA,NA
3600,22-844,U/N Reef,-22.0157,152.5522,1,1,NA,NA
3601,22-845,U/N Reef,-22.0825,152.5641,1,1,NA,NA
3602,22-846,U/N Reef,-22.1134,152.5716,1,1,NA,NA
3603,22-848,U/N Reef,-22.0464,152.6549,1,1,0,-16.31699944
3604,22-849,U/N Reef,-22.1121,152.7034,1,1,0,-13.78600025
3605,23-061e,East Point Ledge (Facing Island Reef),-23.8571,151.3933,1,1,1,0.976000011
3606,23-061f,NA,-23.8797,151.3785,0,1,NA,NA
3607,23-062,NA,-23.8557,151.3561,0,1,NA,NA
3608,23-064,Sable Chief Rocks Reef,-23.8138,151.3882,1,1,1,-2.164999962
3609,23-065a,NA,-23.9006,151.3934,0,1,NA,NA
3610,23-065b,NA,-23.8966,151.4153,0,1,NA,NA
3611,23-066,NA,-23.9328,151.4813,0,1,NA,NA
3612,23-067a,Seal Rocks Reef (No 1),-23.9501,151.4942,1,1,1,-0.582000017
3613,23-067b,Seal Rocks Reef (No 2),-23.9621,151.4851,1,1,1,0.100000001
3614,23-067c,Seal Rocks Reef (No 3),-23.9742,151.4822,1,1,1,-3.134000063
3615,22-034,Otterbourne Reef,-22.0242,150.2877,1,1,1,-0.458000004
3616,22-035,Two Round Rocks Reef,-22.0309,150.0978,1,1,1,-0.135000005
3617,22-036,Steep Reef,-22.0362,150.4505,1,1,1,-0.197999999
3618,22-037,Low Island Reef,-22.0464,150.0983,1,1,1,-1.322999954
3619,22-038,Clara Island Reef,-22.3072,150.2289,1,1,1,-0.029999999
3620,22-102,Chinaman Reef,-22.0052,152.6583,1,1,1,-0.666000009
3621,22-103,Half Moon Reef,-22.0113,152.7261,1,0,1,-0.179000005
3622,22-104a,Horseshoe Reef (No 1),-22.0425,152.5804,1,1,1,-0.778999984
3623,22-104b,Horseshoe Reef (No 2),-22.0443,152.5645,1,1,0,-11.19299984
3624,22-104c,Horseshoe Reef (No 3),-22.0581,152.5724,1,1,1,-1.156000018
3625,22-850,U/N Reef,-22.0079,152.7098,1,0,NA,NA
3626,22-851,U/N Reef,-22.0374,152.7404,1,0,0,-14.71000004
3627,23-001,Conical Rocks Reef,-23.0363,150.8769,1,1,1,1.046000004
3628,23-002,Corroboree (Te-ri-mul) Reef,-23.047,150.8795,1,1,1,1.407999992
3629,23-068,Erskine Reef,-23.5019,151.7737,1,1,1,-0.026000001
3630,23-069,Mast Head Reef,-23.527,151.7267,1,1,1,0.777999997
3631,23-070,Irving Reef,-23.5389,151.6273,1,1,1,-5.846000195
3632,22-040,Donovan Shoal,-22.1556,150.2752,1,1,1,-3.694999933
3633,22-041,North Rock Reef,-22.1799,150.3559,1,1,1,-0.324999988
3634,22-042,Mumford Reef,-22.1924,150.3612,1,1,1,0.194000006
3635,22-043,White Rocks Reef,-22.2028,150.2512,1,1,1,0.30399999
3636,22-044,Ten Pin Reef,-22.2047,150.3521,1,1,1,-0.129999995
3637,22-045,Holt Island Reef,-22.2074,150.3743,1,1,1,-0.025
3638,22-105,U/N Reef,-22.0587,152.5045,1,1,1,-0.925000012
3639,22-106,U/N Reef,-22.0566,152.7378,1,1,1,-0.206
3640,22-107,U/N Reef,-22.0535,152.776,1,0,NA,NA
3641,22-108,Ron Isbel Reef,-22.0657,152.631,1,1,1,-0.713999987
3642,22-109,Sanctuary Reef,-22.0668,152.6757,1,1,1,-0.666999996
3643,22-110,U/N Reef,-22.0659,152.5965,1,1,1,-0.99000001
3644,22-111,U/N Reef,-22.0733,152.5221,1,1,1,-7.757999897
3645,22-112,U/N Reef,-22.0845,152.5959,1,1,1,-0.822000027
3646,23-004a,North Keppel (Ko-no-mie) Island Reef (No 1),-23.0635,150.9005,1,1,1,1.013000011
3647,23-004b,North Keppel (Ko-no-mie) Island Reef (No 2),-23.0824,150.8929,1,1,1,1.432000041
3648,23-005,Pumpkin Reef,-23.0947,150.8987,1,1,1,0.356000006
3649,23-006,Square Rocks Reef,-23.0968,150.8847,1,1,1,1.473999977
3650,23-007,Sloping Reef,-23.0982,150.8972,1,1,1,-0.018999999
3651,23-071,Polmaise Reef,-23.5559,151.6779,1,1,1,-0.458999991
3652,23-072,Rock Cod Shoal,-23.6743,151.6178,1,1,0,-11.01399994
3653,23-074a,U/N Reef,-23.9725,151.6249,1,1,1,0.866999984
3654,23-074b,U/N Reef,-23.9755,151.6441,1,1,1,0.915000021
3655,23-074c,U/N Reef,-23.9813,151.6575,1,1,1,0.921999991
3656,23-074d,U/N Reef,-23.9882,151.6749,1,1,1,1.108999968
3657,22-046,U/N Reef,-22.2171,150.3709,1,1,1,0.085000001
3658,22-047a,Ripple Island Reef (No 1),-22.2046,150.4388,1,1,1,0.194999993
3659,22-047b,Ripple Island Reef (No 2),-22.2178,150.4225,1,1,1,-0.244000003
3660,22-047c,Ripple Island Reef (No 3),-22.2145,150.438,1,1,1,-1.220000029
3661,22-048,Harrison Reef,-22.2175,150.4118,1,1,1,-0.135000005
3662,22-113,U/N Reef,-22.0946,152.6471,1,1,1,-0.787
3663,22-114,U/N Reef,-22.1039,152.6245,1,1,1,-0.731000006
3664,22-115,U/N Reef,-22.1058,152.5336,1,1,1,-0.989000022
3665,22-116,Hook Reef,-22.0959,152.7417,1,1,1,-0.317000002
3666,22-117,U/N Reef,-22.1237,152.6093,1,1,1,-0.819000006
3667,22-118,U/N Reef,-22.1254,152.6289,1,1,1,-0.944000006
3668,22-119,U/N Reef,-22.121,152.6764,1,1,1,-0.59799999
3669,22-120,U/N Reef,-22.115,152.8012,1,1,NA,NA
3670,23-008,Man And Wife (Ban-ka-boo-la-re) Rocks Reef,-23.1175,150.9917,1,1,1,1.050999999
3671,23-009,Miall (Ma-ma-lon-bi) Reef,-23.1496,150.9054,1,1,1,0.72299999
3672,23-010,Middle (Ba-la-ba) Island Reef,-23.1678,150.9158,1,1,1,0.954999983
3673,23-011,Bluff Rock Reef,-23.1729,150.8042,1,1,1,-0.026000001
3674,23-012a,Great Keppel (Wop-pa) Island Reef (No 1),-23.1575,150.9577,1,1,1,0.736999989
3675,23-076,Lamont Reef,-23.5987,152.0274,1,1,1,-0.49000001
3676,23-077,Fitzroy Reef,-23.6331,152.1474,1,1,1,-0.314999998
3677,22-049,Lingham Reef,-22.2289,150.2699,1,1,1,0.30399999
3678,22-050,Turn Shoal,-22.2096,150.2327,1,1,NA,NA
3679,22-052,Collins Reef,-22.2369,150.3093,1,1,1,0.303000003
3680,22-121,Sinker Reef,-22.117,152.7462,1,1,1,-0.477999985
3681,22-122,Junior Reef,-22.1482,152.5318,1,1,1,-0.940999985
3682,22-123,U/N Reef,-22.1498,152.5976,1,1,1,-0.82099998
3683,22-124,Taiwan Reef,-22.1502,152.7606,1,1,1,-0.207000002
3684,22-125,U/N Reef,-22.1554,152.553,1,1,1,-0.948000014
3685,22-126,U/N Reef,-22.1617,152.6525,1,1,1,-0.736000001
3686,23-012b,Great Keppel (Wop-pa) Island Reef (No 2),-23.1511,150.9756,1,1,1,0.625999987
3687,23-012c,Great Keppel (Wop-pa) Island Reef (No 3),-23.1725,150.9861,1,1,1,1.021999955
3688,23-012d,Great Keppel (Wop-pa) Island Reef (No 4),-23.1892,150.966,1,1,1,-0.361999989
3689,23-012e,Great Keppel (Wop-pa) Island Reef (No 5),-23.1886,150.9347,1,1,1,0.626999974
3690,23-078,Llewellyn Reef,-23.6946,152.1809,1,1,1,-0.111000001
3691,23-079,Boult Reef,-23.7575,152.2719,1,1,1,-0.125
3692,23-080,Hoskyn Islands Reef,-23.8081,152.2868,1,1,1,0.652999997
3693,22-053a,Leicester Island Reef (No 1),-22.2501,150.4333,1,1,1,0.301999986
3694,22-053b,Leicester Island Reef (No 2),-22.2917,150.4192,1,1,1,-0.024
3695,22-054,Cape Island Reef,-22.2066,150.4741,1,1,1,0.301999986
3696,22-055,White Shoal,-22.1948,150.2845,1,1,NA,NA
3697,22-127,U/N Reef,-22.1793,152.5234,1,1,1,-0.805000007
3698,22-128,U/N Reef,-22.1871,152.6045,1,1,1,-0.916000009
3699,22-129,U/N Reef,-22.1847,152.6269,1,1,1,-0.816999972
3700,22-130,Gater Reef,-22.1705,152.6982,1,1,1,-0.69599998
3701,22-131,Sunray Reef,-22.1834,152.7613,1,1,1,-0.303000003
3702,23-014,Halfway Island Reef,-23.2001,150.9699,1,1,1,-0.333999991
3703,23-016,Humpy (Bur-ye-Bur-ye) Reef,-23.2112,150.9677,1,1,1,0.347000003
3704,23-017,Pelican Island Reef,-23.2436,150.8735,1,1,1,1.47300005
3705,23-018,U/N Reef,-23.178,150.7983,1,1,1,0.773999989
3706,23-081,Fairfax Islands Reef,-23.8663,152.3612,1,1,1,0.606000006
3707,22-056,Osborn Reef,-22.2856,150.2288,1,1,1,0.083999999
3708,22-057,Blind Reef,-22.2817,150.2921,1,1,1,-4.376999855
3709,22-058,Master Rocks Reef,-22.337,150.2839,1,1,1,-1.728999972
3710,22-060,Edward Island Reef,-22.3083,150.3018,1,1,1,0.068000004
3711,22-061,Sun Reef,-22.3094,150.24,1,1,1,-0.023
3712,22-132,U/N Reef,-22.203,152.5549,1,1,1,-3.882999897
3713,22-133,Sandshoe Reef,-22.209,152.757,1,1,1,-0.240999997
3714,22-134,U/N Reef,-22.2228,152.6187,1,1,1,-0.800999999
3715,22-135,U/N Reef,-22.2403,152.5274,1,1,1,-8.062000275
3716,22-136,U/N Reef,-22.2453,152.6537,1,1,1,-0.848999977
3717,23-019,Wedge Island Reef,-23.2777,150.8865,1,1,1,1.475000024
3718,23-020,Mother Macgregor Reef,-23.2846,150.8263,1,1,1,1.475000024
3719,23-022,Round Rock Reef,-23.3009,150.8305,1,1,1,1.473999977
3720,23-023,Divided Reef,-23.3031,150.9222,1,1,1,1.465999961
3721,23-024,Flat Rock Reef,-23.3142,150.8487,1,1,1,0.116999999
3722,23-025,Split Rock Reef,-23.3321,150.9298,1,1,NA,NA
3723,23-082a,Lady Musgrave Reef,-23.9019,152.3871,1,1,1,-0.003
3724,23-082b,U/N Reef,-23.9211,152.3968,1,1,NA,NA
3725,23-083a,U/N Reef,-23.2234,150.8159,1,1,1,1.422000051
3726,23-083b,U/N Reef,-23.2347,150.8251,1,1,1,1.261999965
3727,23-084,NA,-23.7718,151.3181,0,1,NA,NA
3728,23-085,NA,-23.7988,151.2649,0,1,NA,NA
3729,22-062,Swan Reef,-22.3202,150.2046,1,1,1,-0.002
3730,22-063,Marquis Reef,-22.3084,150.4523,1,1,1,0.256999999
3731,22-064,Bay Island Reef,-22.3276,150.3137,1,1,1,-0.048
3732,22-065,Round Rock Ledges,-22.35,150.4591,1,1,1,0.206
3733,22-137,U/N Reef,-22.2437,152.6822,1,1,1,-1.011000037
3734,22-138,U/N Reef,-22.2568,152.5608,1,1,1,-1.001999974
3735,22-139,U/N Reef,-22.2644,152.6047,1,1,1,-0.676999986
3736,22-140,Sweetlip Reef,-22.2707,152.7373,1,1,1,-0.261999995
3737,22-141,Dicks Reef,-22.3079,152.6628,1,1,1,-0.675000012
3738,23-026,Peak Reef,-23.349,150.9377,1,1,1,1.475999951
3739,23-027,Arch Reef,-23.3607,150.9432,1,1,NA,NA
3740,23-028,Girt Reef,-23.3578,150.8137,1,1,1,1.475999951
3741,23-029,Quartz Reef,-23.4221,150.858,1,1,NA,NA
3742,23-030,The Child Reef,-23.1547,151.085,1,1,1,-0.201000005
3743,23-086,NA,-23.8343,151.338,0,1,NA,NA
3744,23-087,U/N Reef,-23.4273,151.5954,1,1,NA,NA
3745,23-088a,U/N Reef,-23.4999,151.8163,1,1,0,-14.16699982
3746,23-088b,U/N Reef,-23.5095,151.8166,1,1,0,-12.0369997
3747,23-089,U/N Reef,-23.6795,152.0872,1,1,0,-18.13999939
3748,23-090,Stuart Shoal,-23.871,152.4646,1,1,NA,NA
3749,22-066,Connor Rock Reef,-22.356,150.3274,1,1,1,-3.440000057
3750,22-067,Akens Reef,-22.3576,150.2679,1,1,1,0.303000003
3751,22-068,U/N Reef,-22.4337,150.3386,1,1,1,0.30399999
3752,22-069,Tweed Reef,-22.0066,150.645,1,1,1,-0.022
3753,22-142,U/N Reef,-22.2989,152.7365,1,1,1,-0.377999991
3754,22-143,U/N Reef,-22.325,152.729,1,1,1,-0.167999998
3755,22-144,U/N Reef,-22.332,152.6803,1,1,1,-0.566999972
3756,22-145,Hixson Cay Reef,-22.3435,152.7306,1,1,1,0.024
3757,22-146a,Twins Reef (West),-22.367,152.5445,1,1,1,-0.667999983
3758,22-146b,Twins Reef (East),-22.3799,152.5605,1,1,1,-1.149999976
3759,23-031a,Barren (A-rum-mi) (First Lump) Reef (No 1),-23.1627,151.0707,1,1,1,1.475000024
3760,23-031b,Barren (A-rum-mi) (First Lump) Reef (No 2),-23.1633,151.079,1,1,1,-0.100000001
3761,23-033,Egg Reef,-23.1978,151.1004,1,1,1,0.485000014
3762,23-034,Lisa Jane Shoals,-23.2911,151.0857,1,1,NA,NA
3763,23-035,Jabiru Shoals,-23.3467,151.0691,1,1,NA,NA
3764,23-036,Hummocky Reef,-23.4001,151.1541,1,1,1,0.432999998
3765,22-070,Rothbury Reef,-22.0294,150.6496,1,1,1,0.300000012
3766,22-071,Cheviot Reef,-22.0888,150.6723,1,1,1,-0.027000001
3767,22-073,Raynham Reef,-22.2661,150.5409,1,1,1,-0.01
3768,22-074,Pelican Rock Reef,-22.3418,150.2588,1,1,1,-0.009
3769,22-147a,U/N Reef,-22.3608,152.7063,1,1,1,-0.451999992
3770,22-147b,South Hixson Reef,-22.3562,152.7199,1,1,1,-0.064000003
3771,22-148a,Howard Patch (No 1),-22.3953,152.5969,1,1,1,-0.296000004
3772,22-148b,Howard Patch (No 2),-22.3807,152.6529,1,1,1,-0.140000001
3773,22-148c,Howard Patch (No 3),-22.3769,152.6128,1,1,1,-0.550999999
3774,23-037,Ship Rock Reef,-23.4079,151.1836,1,1,1,-0.114
3775,23-038,Fairway Rock Reef,-23.4172,151.1689,1,1,1,0.256999999
3776,23-039,Timandra Bank,-23.4293,151.0245,1,1,NA,NA
3777,23-041,Innamincka Shoal,-23.0055,151.8334,1,1,0,-12.66499996
3778,23-042a,Haberfield Shoal,-23.0322,151.778,1,1,0,-14.34000015
3779,22-075,Clara Group Reef,-22.3379,150.7155,1,1,1,0.194000006
3780,22-076,Brown Reef,-22.3581,150.682,1,1,NA,NA
3781,22-077,Triangular Reef,-22.3827,150.5076,1,1,1,-0.109999999
3782,22-149,Quoin Reef,-22.5639,150.798,1,1,1,0.079999998
3783,22-152,Perforated (Peak) Reef,-22.6563,150.9595,1,1,1,1.335999966
3784,22-153,Flat Island Reef,-22.7307,150.9943,1,1,1,1.475000024
3785,22-154,Five Rocks Reef,-22.7978,150.8116,1,1,1,1.245000005
3786,22-155,U/N Reef,-22.9337,150.7921,1,1,1,1.468999982
3787,23-042b,Guthrie Shoal,-23.0494,151.8433,1,1,0,-12.15400028
3788,23-043,Johnson Patch,-23.0777,151.5966,1,1,0,-17.02700043
3789,23-044,Douglas Shoal,-23.0914,151.6671,1,1,0,-13.55099964
3790,23-045a,North Reef (North),-23.1854,151.9039,1,1,1,1.072999954
3791,22-078,Island Head Reef,-22.334,150.6599,1,1,1,-0.026000001
3792,22-079,Split Island Reef,-22.4049,150.7418,1,1,1,-0.027000001
3793,22-080,Dome Reef,-22.4115,150.7465,1,1,1,-0.022
3794,22-081,U/N Reef,-22.4309,150.7305,1,1,1,0.189999998
3795,22-156,Karamea Bank,-22.6443,151.5401,1,1,NA,NA
3796,22-157,Barcoo Bank,-22.8559,151.6588,1,1,NA,NA
3797,22-158,Moresby Bank,-22.8469,151.7713,1,1,NA,NA
3798,22-159,Edgell Bank,-22.8831,151.7753,1,1,0,-19.53499985
3799,22-160,Goodwin Shoal,-22.9107,151.7238,1,1,0,-13.3739996
3800,22-161,Archer Shoal,-22.6134,152.6738,1,1,NA,NA
3801,22-163,Round Island Reef,-22.5181,150.7706,1,1,1,-0.025
3802,23-045b,North Reef (South),-23.2053,151.8877,1,1,NA,NA
3803,23-046,Tryon Reef,-23.2461,151.7826,1,1,1,-0.01
3804,23-047,Brew Shoal,-23.2572,151.7618,1,1,1,-8.225999832
3805,23-048,Broomfield Reef,-23.2695,151.9403,1,1,1,0.335999995
3806,23-049,North West Island Reef,-23.2954,151.7703,1,1,1,0.391000003
